player,salary,team,signing,group,rookie_flag,hardship_flag,vet_flag,unknown_flag,avail_rate,start_rate,team_min,starter,rotation,pts40,ast40,reb40,stocks,stocks40,pps,ft_rate,three_rate,ast_tov,ws_game,ws40,ts_diff,efg_diff,team_power,ws_rookie,ws_vet,ws_hardship,pts_rookie,pts_vet,pts_hardship
A'ja Wilson,200000,LVA,RFA,veteran,0,0,1,0,0.9090909090909091,1.0,28.34090909090909,1,1,30.0,3.974358974358975,13.076923076923077,3.9,5.0,1.187094155844156,0.4424242424242424,0.09090909090909091,1.409090909090909,0.2375,0.30473135525260625,0.04399999999999993,0.018000000000000016,0.6697824024560418,0.0,9.5,0.0,0.0,23.4,0.0
Napheesa Collier,214284,MIN,,unknown,0,0,0,1,0.75,1.0,24.204545454545453,1,1,28.359133126934985,3.9628482972136228,9.040247678018575,3.1,3.839009287925697,1.2730709361796753,0.3312101910828026,0.24203821656050956,1.5238095238095237,0.2515151515151515,0.3117370892018779,0.06400000000000006,0.03699999999999992,1.6774743240099597,0.0,0.0,0.0,0.0,0.0,0.0
Kelsey Mitchell,269244,IND,Core,veteran,0,0,1,0,1.0,1.0,31.386363636363637,1,1,25.732484076433124,4.331210191082803,2.292993630573249,1.1,1.4012738853503188,1.14824920418372,0.27388535031847133,0.40764331210191085,1.8888888888888888,0.12727272727272726,0.16220130340333092,0.019999999999999907,0.019000000000000017,0.4085994662347417,0.0,5.6,0.0,0.0,20.2,0.0
Kelsey Plum,202000,LAS,Core,veteran,0,0,1,0,0.9772727272727273,1.0,34.27272727272727,1,1,22.22222222222222,6.495726495726496,3.532763532763533,1.3,1.4814814814814816,1.1533002129169623,0.3958333333333333,0.4513888888888889,1.9000000000000001,0.09767441860465116,0.11140583554376658,0.015000000000000013,-0.019000000000000017,-0.4043709924578387,0.0,4.2,0.0,0.0,19.5,0.0
Paige Bueckers,78831,DAL,Rookie,rookie,1,0,0,0,0.8181818181818182,1.0,27.25,1,1,23.063063063063062,6.486486486486487,4.684684684684685,2.1,2.5225225225225225,1.1328770356384232,0.27814569536423844,0.2185430463576159,2.7,0.12222222222222223,0.14678899082568808,0.052999999999999936,0.04400000000000004,-1.3615149941003584,4.4,0.0,0.0,19.2,0.0,0.0
Dearica Hamby,202000,LAS,,unknown,0,0,0,1,1.0,1.0,31.227272727272727,1,1,23.58974358974359,4.230769230769231,10.12820512820513,2.1,2.6923076923076925,1.2045037968054464,0.4186046511627907,0.09302325581395349,1.222222222222222,0.12727272727272726,0.16302765647743814,0.04200000000000004,0.06499999999999995,-0.4043709924578387,0.0,0.0,0.0,0.0,0.0,0.0
Allisha Gray,190000,ATL,RFA,veteran,0,0,1,0,0.9545454545454546,1.0,32.97727272727273,1,1,21.333333333333332,4.057971014492754,6.144927536231884,1.5,1.7391304347826089,1.1932555123216602,0.4230769230769231,0.46923076923076923,1.9444444444444444,0.18333333333333335,0.21226740179186768,0.04299999999999993,0.026000000000000023,1.2293152868634125,0.0,7.7,0.0,0.0,18.4,0.0
Breanna Stewart,222400,NYL,Core,veteran,0,0,1,0,0.7045454545454546,1.0,21.545454545454547,1,1,23.92156862745098,4.57516339869281,8.49673202614379,2.8,3.6601307189542482,1.1394769613947697,0.49242424242424243,0.21212121212121213,1.842105263157895,0.15806451612903227,0.2067510548523207,-0.0040000000000000036,-0.039000000000000035,0.6796248973640951,0.0,4.9,0.0,0.0,18.3,0.0
Nneka Ogwumike,195000,SEA,UFA,veteran,0,0,1,0,1.0,1.0,30.886363636363637,1,1,23.68932038834952,2.9773462783171523,9.06148867313916,1.5,1.9417475728155342,1.2048986041611798,0.19285714285714287,0.2928571428571428,1.2105263157894737,0.12954545454545455,0.1677704194260486,0.06099999999999994,0.06699999999999995,0.24831765944039572,0.0,5.7,0.0,0.0,18.3,0.0
Sabrina Ionescu,222060,NYL,Rookie,rookie,1,0,0,0,0.8636363636363636,1.0,27.136363636363637,1,1,23.184713375796182,7.261146496815288,6.242038216560511,1.7000000000000002,2.1656050955414017,1.0710922787193973,0.2847682119205298,0.47019867549668876,2.1923076923076925,0.1131578947368421,0.14405360134003348,-0.03699999999999992,-0.05400000000000005,0.6796248973640951,4.3,0.0,0.0,18.2,0.0,0.0
Rhyne Howard,91981,ATL,Rookie,rookie,1,0,0,0,0.75,0.9696969696969697,26.15909090909091,1,1,20.057306590257884,5.2722063037249285,5.157593123209169,2.3,2.6361031518624642,1.0489091345001198,0.2384105960264901,0.6357615894039735,2.705882352941176,0.15454545454545454,0.17723718505647262,-0.031000000000000028,-0.03700000000000003,1.2293152868634125,5.1,0.0,0.0,17.5,0.0,0.0
Jackie Young,169950,LVA,,unknown,0,0,0,1,1.0,1.0,30.363636363636363,1,1,21.710526315789476,6.7105263157894735,5.921052631578948,1.7000000000000002,2.2368421052631584,1.1949594438006952,0.25806451612903225,0.41129032258064513,2.318181818181818,0.15,0.19760479041916165,0.04399999999999993,0.04200000000000004,0.6697824024560418,0.0,0.0,0.0,0.0,0.0,0.0
Caitlin Clark,78066,IND,,unknown,0,0,0,1,0.29545454545454547,1.0,9.181818181818182,1,1,21.221864951768488,11.318327974276528,6.430868167202572,2.1,2.7009646302250805,0.9837824946339138,0.25165562913907286,0.5298013245033113,1.7254901960784317,0.038461538461538464,0.04950495049504951,-0.06300000000000006,-0.07600000000000001,0.4085994662347417,0.0,0.0,0.0,0.0,0.0,0.0
Satou Sabally,215000,PHO,Core,veteran,0,0,1,0,0.8863636363636364,1.0,23.613636363636363,1,1,24.51127819548872,3.7593984962406015,8.87218045112782,1.6,2.406015037593985,1.0675923500130995,0.3560606060606061,0.4090909090909091,1.25,0.09743589743589744,0.14629451395572665,-0.009000000000000008,-0.03300000000000003,0.5112900678967056,0.0,3.8,0.0,0.0,16.3,0.0
Tina Charles,170000,CON,UFA,veteran,0,0,1,0,0.9772727272727273,0.9767441860465116,27.772727272727273,1,1,22.957746478873243,2.394366197183099,8.169014084507042,1.2000000000000002,1.690140845070423,1.0300808897876643,0.3333333333333333,0.07971014492753624,0.8947368421052632,0.03488372093023256,0.04909983633387889,0.010000000000000009,-0.009000000000000008,-1.8186115421419249,0.0,1.5,0.0,0.0,16.3,0.0
Kahleah Copper,248134,PHO,Core,veteran,0,0,1,0,0.6363636363636364,1.0,17.09090909090909,1,1,23.197026022304833,2.2304832713754648,4.312267657992566,1.3,1.9330855018587363,1.093662366797532,0.24031007751937986,0.4186046511627907,0.6818181818181818,0.04285714285714286,0.06382978723404255,0.006000000000000005,0.0010000000000000009,0.5112900678967056,0.0,1.2,0.0,0.0,15.6,0.0
Arike Ogunbowale,249032,DAL,,unknown,0,0,0,1,0.6590909090909091,1.0,21.954545454545453,1,1,18.61861861861862,4.924924924924925,3.003003003003003,1.5,1.8018018018018018,0.9897828863346104,0.28776978417266186,0.38848920863309355,1.952380952380952,0.027586206896551727,0.033126293995859216,-0.020000000000000018,-0.045999999999999985,-1.3615149941003584,0.0,0.0,0.0,0.0,0.0,0.0
Skylar Diggins,214466,SEA,UFA,veteran,0,0,1,0,0.9772727272727273,1.0,30.522727272727273,1,1,19.871794871794872,7.692307692307693,3.2051282051282053,2.0,2.5641025641025643,1.0737046273205875,0.35200000000000004,0.32,2.857142857142857,0.10697674418604651,0.13700670141474308,-0.0030000000000000027,-0.02400000000000002,0.24831765944039572,0.0,4.6,0.0,0.0,15.5,0.0
Alyssa Thomas,215000,PHO,Core,veteran,0,0,1,0,0.8863636363636364,1.0,27.75,1,1,19.680511182108624,11.757188498402554,11.246006389776358,2.0,2.5559105431309903,1.1414171360806404,0.3706896551724138,0.017241379310344827,2.6285714285714286,0.17692307692307693,0.22604422604422605,0.025999999999999912,0.030000000000000027,0.5112900678967056,0.0,6.9,0.0,0.0,15.4,0.0
Aliyah Boston,83371,IND,Rookie,rookie,1,0,0,0,1.0,1.0,30.15909090909091,1,1,19.867549668874172,4.90066225165563,10.860927152317881,2.1,2.7814569536423845,1.1581222977146386,0.28695652173913044,0.0608695652173913,2.055555555555556,0.16136363636363635,0.21401657874905802,0.025999999999999912,0.027000000000000024,0.4085994662347417,7.1,0.0,0.0,15.0,0.0,0.0
Sonia Citron,78831,WAS,Rookie,rookie,1,0,0,0,1.0,1.0,32.15909090909091,1,1,18.509316770186334,2.981366459627329,4.968944099378882,1.7000000000000002,2.111801242236025,1.211776187378009,0.31481481481481477,0.3796296296296296,1.1428571428571428,0.09545454545454546,0.11872791519434629,0.07899999999999996,0.07300000000000006,-0.8949866139096142,4.2,0.0,0.0,14.9,0.0,0.0
Rickea Jackson,78066,LAS,Rookie,rookie,1,0,0,0,0.8636363636363636,0.9736842105263158,26.65909090909091,1,1,19.029126213592235,2.2006472491909386,4.142394822006473,1.0,1.2944983818770228,1.0618318405085236,0.20472440944881892,0.38582677165354334,0.8095238095238094,0.007894736842105263,0.010230179028132991,-0.03299999999999992,-0.029000000000000026,-0.4043709924578387,0.3,0.0,0.0,14.7,0.0,0.0
Angel Reese,74909,CHI,Rookie,rookie,1,0,0,0,0.6818181818181818,1.0,21.522727272727273,1,1,18.607594936708857,4.6835443037974684,15.949367088607593,2.2,2.7848101265822782,1.0802469135802468,0.5135135135135136,0.06306306306306306,0.9487179487179488,0.06333333333333332,0.08025343189017951,0.02100000000000002,-0.011999999999999955,-1.8591173596021162,1.9,0.0,0.0,14.7,0.0,0.0
Marina Mabrey,210000,CON,RFA,veteran,0,0,1,0,0.7954545454545454,0.9714285714285714,25.068181818181817,1,1,18.285714285714285,5.079365079365079,5.333333333333333,1.0,1.2698412698412698,0.9571922361074182,0.18705035971223022,0.5035971223021583,1.4285714285714286,-0.03142857142857143,-0.03989120580235721,-0.028000000000000025,-0.02400000000000002,-1.8186115421419249,-0.0,-1.1,-0.0,0.0,14.4,0.0
Kayla McBride,205000,MIN,UFA,veteran,0,0,1,0,0.8863636363636364,1.0,27.727272727272727,1,1,18.14696485623003,4.472843450479233,2.9392971246006385,1.4000000000000001,1.7891373801916934,1.1650804069576632,0.24545454545454548,0.6090909090909091,2.058823529411765,0.11794871794871795,0.15081967213114753,0.01200000000000001,-0.006000000000000005,1.6774743240099597,0.0,4.6,0.0,0.0,14.2,0.0
Brittney Sykes,195000,TOT,UFA,veteran,0,0,1,0,0.8863636363636364,0.9743589743589743,27.136363636363637,1,1,18.431372549019606,5.228758169934641,4.183006535947713,1.6,2.0915032679738563,0.9954815024004519,0.47863247863247865,0.22222222222222224,1.6,0.035897435897435895,0.04690117252931323,,,0.24831765944039572,0.0,1.4,0.0,0.0,14.1,0.0
Kayla Thornton,132000,GSV,,unknown,0,0,0,1,0.5,1.0,15.045454545454545,1,1,18.6046511627907,1.993355481727575,9.30232558139535,1.5,1.993355481727575,0.9909399773499433,0.29600000000000004,0.52,0.9375,0.07727272727272727,0.10271903323262839,-0.038000000000000034,-0.046999999999999986,0.17357702568400166,0.0,0.0,0.0,0.0,0.0,0.0
Jonquel Jones,209000,NYL,UFA,veteran,0,0,1,0,0.7045454545454546,1.0,18.863636363636363,1,1,20.298507462686565,4.029850746268656,12.089552238805968,1.6,2.388059701492537,1.2168933428775948,0.29292929292929293,0.40404040404040403,1.2857142857142858,0.11612903225806452,0.17349397590361446,0.03700000000000003,0.050999999999999934,0.6796248973640951,0.0,3.6,0.0,0.0,13.6,0.0
Courtney Williams,180000,MIN,UFA,veteran,0,0,1,0,1.0,1.0,28.636363636363637,1,1,19.02097902097902,8.671328671328672,6.853146853146853,1.6,2.237762237762238,0.9906759906759907,0.09090909090909091,0.25757575757575757,2.695652173913044,0.1,0.13968253968253969,-0.07599999999999996,-0.06400000000000006,1.6774743240099597,0.0,4.4,0.0,0.0,13.6,0.0
Kamilla Cardoso,78066,CHI,Rookie,rookie,1,0,0,0,0.9090909090909091,0.975,25.045454545454547,1,1,19.71014492753623,3.6231884057971016,12.318840579710145,1.6,2.318840579710145,1.1284434118818454,0.3113207547169811,0.009433962264150945,1.0416666666666667,0.0625,0.09074410163339383,0.04899999999999993,0.05400000000000005,-1.8591173596021162,2.5,0.0,0.0,13.6,0.0,0.0
Emma Meesseman,75694,NYL,UFA,veteran,0,0,1,0,0.38636363636363635,0.7058823529411765,10.0,1,1,20.694980694980696,4.942084942084943,7.876447876447876,2.0,3.088803088803089,1.2924382716049383,0.23404255319148937,0.1276595744680851,1.5238095238095237,0.12352941176470589,0.19090909090909092,0.07600000000000007,0.08999999999999997,0.6796248973640951,0.0,2.1,0.0,0.0,13.4,0.0
Kiki Iriafen,78831,WAS,Rookie,rookie,1,0,0,0,1.0,1.0,26.931818181818183,1,1,19.776951672862456,2.379182156133829,12.639405204460967,0.8,1.1895910780669146,1.1028192371475953,0.3883495145631068,0.029126213592233007,0.7272727272727273,0.06818181818181818,0.10126582278481013,0.018000000000000016,0.007000000000000006,-0.8949866139096142,3.0,0.0,0.0,13.3,0.0,0.0
Ariel Atkins,223000,CHI,,unknown,0,0,0,1,0.7727272727272727,1.0,22.045454545454547,1,1,18.3859649122807,5.052631578947368,4.771929824561403,2.3,3.228070175438596,1.1019515477792732,0.25233644859813087,0.3271028037383178,1.44,0.047058823529411764,0.06597938144329897,0.03500000000000003,0.027000000000000024,-1.8591173596021162,0.0,0.0,0.0,0.0,0.0,0.0
Brionna Jones,214466,ATL,UFA,veteran,0,0,1,0,1.0,1.0,26.568181818181817,1,1,19.24812030075188,3.3082706766917296,10.977443609022556,1.9000000000000001,2.857142857142857,1.161524500907441,0.30927835051546393,0.10309278350515465,1.4666666666666668,0.15454545454545454,0.23267750213857996,0.025999999999999912,0.027000000000000024,1.2293152868634125,0.0,6.8,0.0,0.0,12.8,0.0
Azura Stevens,195000,LAS,UFA,veteran,0,0,1,0,1.0,1.0,28.386363636363637,1,1,18.028169014084508,2.95774647887324,11.267605633802818,2.3,3.23943661971831,1.194921583271098,0.23711340206185566,0.45360824742268047,1.4000000000000001,0.10681818181818183,0.15052041633306645,0.03300000000000003,0.04299999999999993,-0.4043709924578387,0.0,4.7,0.0,0.0,12.8,0.0
Maddy Siegrist,83371,DAL,Rookie,rookie,1,0,0,0,0.5909090909090909,0.5769230769230769,15.954545454545455,1,1,18.814814814814813,1.1851851851851851,6.370370370370369,1.2999999999999998,1.9259259259259256,1.1270855520056797,0.21359223300970875,0.30097087378640774,1.6,0.06923076923076923,0.10256410256410256,0.04600000000000004,0.07000000000000006,-1.3615149941003584,1.8,0.0,0.0,12.7,0.0,0.0
Shakira Austin,91981,WAS,Rookie,rookie,1,0,0,0,0.8636363636363636,0.7894736842105263,19.863636363636363,1,1,22.08695652173913,3.130434782608696,11.130434782608695,2.2,3.8260869565217392,1.0182809493264913,0.3518518518518518,0.037037037037037035,0.75,0.028947368421052635,0.050343249427917625,-0.02400000000000002,-0.01599999999999996,-0.8949866139096142,1.1,0.0,0.0,12.7,0.0,0.0
Veronica Burton,103831,GSV,UFA,veteran,0,0,1,0,1.0,1.0,29.363636363636363,1,1,16.19047619047619,8.16326530612245,5.98639455782313,1.7000000000000002,2.3129251700680276,1.112981668537224,0.4886363636363636,0.45454545454545453,2.857142857142857,0.14545454545454548,0.19814241486068113,0.030000000000000027,-0.01599999999999996,0.17357702568400166,0.0,6.4,0.0,0.0,11.9,0.0
Tiffany Hayes,200000,GSV,UFA,veteran,0,0,1,0,0.5909090909090909,0.9230769230769231,15.909090909090908,1,1,17.397769516728626,4.4609665427509295,5.650557620817844,0.7,1.0408921933085502,1.1181192660550459,0.34065934065934067,0.4285714285714286,1.5789473684210527,0.07307692307692307,0.10857142857142857,0.026000000000000023,0.02200000000000002,0.17357702568400166,0.0,1.9,0.0,0.0,11.7,0.0
Gabby Williams,225000,SEA,Core,veteran,0,0,1,0,1.0,1.0,31.613636363636363,1,1,14.683544303797467,5.3164556962025316,5.443037974683543,2.8,3.544303797468354,1.013277428371768,0.15887850467289721,0.3457943925233645,2.210526315789474,0.07727272727272727,0.09777138749101366,-0.031000000000000028,-0.030000000000000027,0.24831765944039572,0.0,3.4,0.0,0.0,11.6,0.0
Natasha Howard,214466,IND,UFA,veteran,0,0,1,0,1.0,1.0,24.09090909090909,1,1,18.92116182572614,2.4896265560165975,10.954356846473027,1.7999999999999998,2.9875518672199166,1.1974789915966388,0.3658536585365854,0.09756097560975611,0.7894736842105263,0.09545454545454546,0.15849056603773587,0.040999999999999925,0.04400000000000004,0.4085994662347417,0.0,4.2,0.0,0.0,11.4,0.0
Janelle Salaun,66079,GSV,UDFA,controlled,0,0,0,0,0.8181818181818182,0.9166666666666666,22.113636363636363,1,1,16.74074074074074,1.7777777777777777,7.5555555555555545,0.7,1.037037037037037,1.0416666666666667,0.16831683168316833,0.4752475247524752,0.7999999999999999,0.05,0.07399794450154162,-0.008000000000000007,0.01100000000000001,0.17357702568400166,0.0,0.0,0.0,0.0,0.0,0.0
Jordin Canada,190000,ATL,UFA,veteran,0,0,1,0,0.6363636363636364,0.9285714285714286,17.795454545454547,1,1,16.0,8.142857142857144,4.714285714285714,2.0,2.857142857142857,0.9915014164305948,0.346938775510204,0.31632653061224486,2.590909090909091,0.09285714285714286,0.13282247765006386,-0.05700000000000005,-0.07300000000000001,1.2293152868634125,0.0,2.6,0.0,0.0,11.2,0.0
Chelsea Gray,196267,LVA,UFA,veteran,0,0,1,0,1.0,1.0,31.09090909090909,1,1,14.405144694533762,6.945337620578779,5.016077170418006,2.0,2.572347266881029,1.136363636363636,0.2727272727272727,0.4431818181818181,1.9285714285714288,0.07954545454545454,0.1023391812865497,0.019999999999999907,0.015000000000000013,0.6697824024560418,0.0,3.5,0.0,0.0,11.2,0.0
Jewell Loyd,249032,LVA,Core,veteran,0,0,1,0,1.0,0.5681818181818182,28.295454545454547,1,1,15.830388692579504,2.544169611307421,4.522968197879859,1.5,2.1201413427561837,1.0765090349865436,0.16494845360824745,0.6185567010309279,1.5,0.06363636363636363,0.08995983935742971,-0.016000000000000014,0.0,0.6697824024560418,0.0,2.8,0.0,0.0,11.2,0.0
Amy Okonkwo,7774,DAL,UFA,veteran,0,0,1,0,0.18181818181818182,0.125,3.5681818181818183,0,1,22.448979591836736,1.6326530612244898,6.326530612244898,1.5,3.0612244897959187,1.264367816091954,0.32894736842105265,0.5,0.888888888888889,0.0875,0.17834394904458598,0.11599999999999999,0.10499999999999998,-1.3615149941003584,0.0,0.7,0.0,0.0,11.0,0.0
Amy Okonkwo,2915,DAL,UFA,veteran,0,0,1,0,0.18181818181818182,0.125,3.5681818181818183,0,1,22.448979591836736,1.6326530612244898,6.326530612244898,1.5,3.0612244897959187,1.264367816091954,0.32894736842105265,0.5,0.888888888888889,0.0875,0.17834394904458598,0.11599999999999999,0.10499999999999998,-1.3615149941003584,0.0,0.7,0.0,0.0,11.0,0.0
Courtney Vandersloot,185000,CHI,UFA,veteran,0,0,1,0,0.1590909090909091,1.0,4.340909090909091,1,1,15.53113553113553,7.765567765567765,4.542124542124542,1.9000000000000001,2.7838827838827838,1.035560765924189,0.20212765957446807,0.351063829787234,2.2083333333333335,0.028571428571428574,0.041884816753926704,0.0,0.0010000000000000009,-1.8591173596021162,0.0,0.2,0.0,0.0,10.6,0.0
Cecilia Zandalasini,100000,GSV,SuspCE,hardship,0,1,0,0,0.4318181818181818,0.5263157894736842,10.227272727272727,1,1,17.721518987341774,2.869198312236287,4.894514767932489,1.1,1.8565400843881859,1.2141535615171137,0.2151898734177215,0.6075949367088607,1.3076923076923077,0.08421052631578947,0.14222222222222222,0.07499999999999996,0.08799999999999997,0.17357702568400166,0.0,0.0,1.6,0.0,0.0,10.5
Leila Lacan,72455,CON,,unknown,0,0,0,1,0.5681818181818182,0.6,15.113636363636363,1,1,15.639097744360901,5.56390977443609,3.6090225563909772,2.4000000000000004,3.6090225563909777,1.1007620660457242,0.19540229885057472,0.31034482758620696,1.9473684210526319,0.048,0.07218045112781955,0.04300000000000004,0.05299999999999999,-1.8186115421419249,0.0,0.0,0.0,0.0,0.0,0.0
Erica Wheeler,78831,SEA,UFA,veteran,0,0,1,0,1.0,0.5454545454545454,25.59090909090909,1,1,16.09375,5.15625,4.21875,1.5,2.34375,1.0316506410256412,0.11578947368421054,0.4842105263157894,2.1999999999999997,0.04772727272727273,0.07460035523978686,-0.02400000000000002,-0.015000000000000013,0.24831765944039572,0.0,2.1,0.0,0.0,10.3,0.0
Natasha Cloud,200000,NYL,UFA,veteran,0,0,1,0,0.9318181818181818,1.0,27.068181818181817,1,1,13.931034482758621,7.0344827586206895,5.103448275862069,1.5,2.0689655172413794,1.092128027681661,0.19999999999999998,0.44705882352941173,2.6842105263157894,0.08536585365853659,0.11754827875734676,-0.027999999999999914,-0.019000000000000017,0.6796248973640951,0.0,3.5,0.0,0.0,10.1,0.0
Odyssey Sims,54622,TOT,UFA,veteran,0,0,1,0,0.5454545454545454,0.875,15.25,1,1,14.428571428571429,5.428571428571429,3.4285714285714284,0.7,1.0,1.0087894526568117,0.25555555555555554,0.30000000000000004,2.7142857142857144,0.041666666666666664,0.05961251862891207,,,0.24831765944039572,0.0,1.0,0.0,0.0,10.1,0.0
Odyssey Sims,13911,TOT,UFA,veteran,0,0,1,0,0.5454545454545454,0.875,15.25,1,1,14.428571428571429,5.428571428571429,3.4285714285714284,0.7,1.0,1.0087894526568117,0.25555555555555554,0.30000000000000004,2.7142857142857144,0.041666666666666664,0.05961251862891207,,,0.24831765944039572,0.0,1.0,0.0,0.0,10.1,0.0
Odyssey Sims,7949,TOT,UFA,veteran,0,0,1,0,0.5454545454545454,0.875,15.25,1,1,14.428571428571429,5.428571428571429,3.4285714285714284,0.7,1.0,1.0087894526568117,0.25555555555555554,0.30000000000000004,2.7142857142857144,0.041666666666666664,0.05961251862891207,,,0.24831765944039572,0.0,1.0,0.0,0.0,10.1,0.0
DeWanna Bonner,72269,TOT,UFA,veteran,0,0,1,0,0.75,0.12121212121212122,17.681818181818183,0,1,16.610169491525426,2.0338983050847457,7.11864406779661,1.1,1.864406779661017,1.0957066189624332,0.33333333333333337,0.46153846153846156,1.4999999999999998,0.0787878787878788,0.13367609254498714,,,0.24831765944039572,0.0,2.6,0.0,0.0,9.8,0.0
DeWanna Bonner,63721,TOT,UFA,veteran,0,0,1,0,0.75,0.12121212121212122,17.681818181818183,0,1,16.610169491525426,2.0338983050847457,7.11864406779661,1.1,1.864406779661017,1.0957066189624332,0.33333333333333337,0.46153846153846156,1.4999999999999998,0.0787878787878788,0.13367609254498714,,,0.24831765944039572,0.0,2.6,0.0,0.0,9.8,0.0
Aari McDonald,52333,IND,UFA,veteran,0,0,1,0,0.45454545454545453,0.65,11.931818181818182,1,1,14.904942965779467,7.14828897338403,3.6501901140684407,1.5,2.2813688212927756,1.108095884215287,0.33766233766233766,0.5064935064935064,2.0434782608695654,0.06999999999999999,0.10666666666666666,0.0010000000000000009,-0.01100000000000001,0.4085994662347417,0.0,1.4,0.0,0.0,9.8,0.0
Aari McDonald,6459,IND,Hardship,hardship,0,1,0,0,0.45454545454545453,0.65,11.931818181818182,1,1,14.904942965779467,7.14828897338403,3.6501901140684407,1.5,2.2813688212927756,1.108095884215287,0.33766233766233766,0.5064935064935064,2.0434782608695654,0.06999999999999999,0.10666666666666666,0.0010000000000000009,-0.01100000000000001,0.4085994662347417,0.0,0.0,1.4,0.0,0.0,9.8
Brittney Griner,214466,ATL,UFA,veteran,0,0,1,0,0.8863636363636364,0.6410256410256411,18.40909090909091,1,1,18.846153846153847,1.5384615384615383,10.0,1.3,2.5,1.1305952930318413,0.28571428571428575,0.06493506493506493,0.5333333333333333,0.061538461538461535,0.11851851851851851,0.008999999999999897,0.013000000000000012,1.2293152868634125,0.0,2.4,0.0,0.0,9.8,0.0
DiJonai Carrington,200000,TOT,RFA,veteran,0,0,1,0,0.7045454545454546,0.45161290322580644,15.454545454545455,0,1,17.899543378995435,2.7397260273972606,7.305936073059361,1.5,2.7397260273972606,0.9757068896853843,0.29213483146067415,0.2584269662921348,0.7894736842105263,0.00967741935483871,0.01764705882352941,,,0.24831765944039572,0.0,0.3,0.0,0.0,9.8,0.0
Alanna Smith,150000,MIN,UFA,veteran,0,0,1,0,0.9545454545454546,1.0,25.318181818181817,1,1,14.49056603773585,4.377358490566038,7.69811320754717,3.2,4.830188679245284,1.1214953271028036,0.18987341772151897,0.48101265822784806,1.9333333333333333,0.11428571428571428,0.17235188509874325,-0.009000000000000008,0.02299999999999991,1.6774743240099597,0.0,4.8,0.0,0.0,9.6,0.0
Iliana Rupert,32207,GSV,Rookie,rookie,1,0,0,0,0.4772727272727273,0.5238095238095238,11.045454545454545,1,1,16.103896103896105,2.770562770562771,6.753246753246753,1.2,2.0779220779220777,1.2153685311029796,0.10958904109589042,0.684931506849315,1.6,0.09047619047619047,0.15637860082304528,0.07799999999999996,0.10599999999999998,0.17357702568400166,1.9,0.0,0.0,9.3,0.0,0.0
Sami Whitcomb,125000,PHO,UFA,veteran,0,0,1,0,0.9772727272727273,0.46511627906976744,23.34090909090909,0,1,15.230125523012553,4.1841004184100425,4.351464435146444,1.0,1.6736401673640169,1.0869565217391304,0.16666666666666669,0.7051282051282052,1.5625,0.044186046511627906,0.07400194741966894,0.0020000000000000018,0.01100000000000001,0.5112900678967056,0.0,1.9,0.0,0.0,9.1,0.0
Natisha Hiedeman,135000,MIN,UFA,veteran,0,0,1,0,1.0,0.0,18.931818181818183,0,1,19.259259259259263,5.9259259259259265,4.021164021164021,0.8999999999999999,1.9047619047619049,1.18798955613577,0.21428571428571427,0.39999999999999997,2.3333333333333335,0.07954545454545454,0.1680672268907563,0.02100000000000002,0.02499999999999991,1.6774743240099597,0.0,3.5,0.0,0.0,9.1,0.0
Rachel Banham,95000,CHI,UFA,veteran,0,0,1,0,1.0,0.75,24.568181818181817,1,1,14.634146341463413,4.390243902439025,2.7642276422764227,0.8999999999999999,1.4634146341463412,1.0880077369439072,0.16883116883116883,0.7142857142857143,1.6875,0.011363636363636364,0.018501387604070305,0.028000000000000025,0.03300000000000003,-1.8591173596021162,0.0,0.5,0.0,0.0,9.0,0.0
Bria Hartley,78831,CON,UFA,veteran,0,0,1,0,0.8636363636363636,0.8421052631578947,19.704545454545453,1,1,15.614035087719298,5.43859649122807,3.508771929824561,0.8,1.4035087719298245,1.016445865692097,0.3116883116883117,0.5064935064935064,1.7222222222222223,-0.005263157894736842,-0.00922722029988466,0.0,-0.0040000000000000036,-1.8186115421419249,-0.0,-0.2,-0.0,0.0,8.9,0.0
Saniya Rivers,75643,CON,Rookie,rookie,1,0,0,0,0.9545454545454546,0.5952380952380952,24.931818181818183,1,1,13.486590038314176,4.137931034482758,4.2911877394636,2.4,3.6781609195402294,0.9869896814715119,0.1686746987951807,0.36144578313253006,1.8,0.016666666666666666,0.025524156791248857,-0.010000000000000009,0.010000000000000009,-1.8186115421419249,0.7,0.0,0.0,8.8,0.0,0.0
Leonie Fiebich,68595,NYL,,unknown,0,0,0,1,0.8409090909090909,1.0,23.65909090909091,1,1,12.384341637010674,2.4199288256227756,4.982206405693949,1.3,1.8505338078291813,1.2892708950800236,0.2833333333333333,0.5333333333333333,1.4166666666666667,0.08108108108108109,0.11527377521613832,0.07200000000000006,0.07799999999999996,0.6796248973640951,0.0,0.0,0.0,0.0,0.0,0.0
Naz Hillmon,80823,ATL,Rookie,rookie,1,0,0,0,1.0,0.38636363636363635,25.5,0,1,13.490196078431373,3.764705882352941,9.725490196078432,0.9,1.411764705882353,1.166576234400434,0.1911764705882353,0.5588235294117647,2.1818181818181817,0.10909090909090909,0.17112299465240643,0.027999999999999914,0.038000000000000034,1.2293152868634125,4.8,0.0,0.0,8.6,0.0,0.0
Sophie Cunningham,100000,IND,RFA,veteran,0,0,1,0,0.6818181818181818,0.43333333333333335,17.181818181818183,0,1,13.650793650793652,1.9047619047619049,5.555555555555556,1.1,1.7460317460317463,1.3222632226322264,0.27586206896551724,0.6724137931034483,1.0909090909090908,0.08333333333333333,0.13227513227513227,0.10099999999999998,0.09699999999999998,0.4085994662347417,0.0,2.5,0.0,0.0,8.6,0.0
Elizabeth Williams,100000,CHI,UFA,veteran,0,0,1,0,0.9772727272727273,0.3488372093023256,20.59090909090909,0,1,16.11374407582938,3.4123222748815163,9.857819905213269,1.6,3.0331753554502368,1.0075865339023233,0.25,0.0,1.3846153846153846,0.030232558139534883,0.05739514348785872,-0.014000000000000012,0.0040000000000000036,-1.8591173596021162,0.0,1.3,0.0,0.0,8.5,0.0
Olivia Nelson-Ododa,80823,CON,Rookie,rookie,1,0,0,0,0.8409090909090909,0.5675675675675675,18.181818181818183,1,1,15.185185185185182,1.6666666666666665,9.259259259259258,1.9,3.518518518518518,1.1516853932584268,0.5172413793103449,0.017241379310344827,0.8181818181818181,0.05675675675675676,0.10500000000000001,0.07299999999999995,0.07,-1.8186115421419249,2.1,0.0,0.0,8.2,0.0,0.0
Kennedy Burke,78831,NYL,UFA,veteran,0,0,1,0,0.8181818181818182,0.25,17.704545454545453,0,1,14.999999999999998,2.407407407407407,4.444444444444444,1.2000000000000002,2.2222222222222223,1.198224852071006,0.24590163934426232,0.5081967213114754,1.4444444444444444,0.058333333333333334,0.10783055198973043,0.028000000000000025,0.04699999999999993,0.6796248973640951,0.0,2.1,0.0,0.0,8.1,0.0
Ezi Magbegor,186000,SEA,Reserved,controlled,0,0,0,0,1.0,1.0,27.34090909090909,1,1,11.72161172161172,3.0769230769230766,9.084249084249084,2.9000000000000004,4.249084249084249,1.0905125408942202,0.29230769230769227,0.16923076923076924,2.1,0.10227272727272728,0.14962593516209477,0.008000000000000007,0.01200000000000001,0.24831765944039572,0.0,0.0,0.0,0.0,0.0,0.0
Cheyenne Parker-Tyus,78831,LVA,UFA,veteran,0,0,1,0,0.045454545454545456,0.0,0.3181818181818182,0,0,45.714285714285715,0.0,5.714285714285714,0.0,0.0,1.5037593984962405,0.75,0.25,0.0,0.05,0.28571428571428575,0.19999999999999996,0.18199999999999994,0.6697824024560418,0.0,0.1,0.0,0.0,8.0,0.0
Jessica Shepard,78831,MIN,SuspCE,hardship,0,1,0,0,0.9090909090909091,0.3,18.977272727272727,0,1,15.311004784688997,4.9760765550239245,13.971291866028709,0.6,1.1483253588516746,1.2610340479192939,0.5,0.0,1.7333333333333334,0.11499999999999999,0.22035928143712574,0.062000000000000055,0.09599999999999997,1.6774743240099597,0.0,0.0,4.6,0.0,0.0,8.0
Dominique Malonga,78831,SEA,Rookie,rookie,1,0,0,0,0.9545454545454546,0.0,13.636363636363637,0,0,21.538461538461537,2.5174825174825175,12.867132867132865,1.1,3.076923076923077,1.1277094317516112,0.19047619047619047,0.0634920634920635,0.8181818181818181,0.04523809523809524,0.12666666666666665,0.026999999999999913,0.05400000000000005,0.24831765944039572,1.9,0.0,0.0,7.7,0.0,0.0
Monique Akoa Makani,66079,PHO,UDFA,controlled,0,0,0,0,0.9318181818181818,0.975609756097561,20.022727272727273,1,1,14.325581395348838,5.023255813953488,4.093023255813954,0.9,1.6744186046511629,1.1095100864553313,0.15384615384615385,0.46153846153846156,2.076923076923077,0.05365853658536586,0.09988649262202043,0.014000000000000012,0.02100000000000002,0.5112900678967056,0.0,0.0,0.0,0.0,0.0,0.0
Aneesah Morrow,75643,CON,Rookie,rookie,1,0,0,0,0.9318181818181818,0.5609756097560976,17.613636363636363,1,1,16.296296296296298,1.0582010582010584,14.603174603174606,1.2000000000000002,2.5396825396825404,0.926371511068335,0.3150684931506849,0.24657534246575344,0.45454545454545453,0.017073170731707315,0.03612903225806451,-0.043999999999999984,-0.05299999999999999,-1.8186115421419249,0.7,0.0,0.0,7.7,0.0,0.0
NaLyssa Smith,91981,TOT,Rookie,rookie,1,0,0,0,1.0227272727272727,0.9111111111111111,21.727272727272727,1,1,14.339622641509434,1.320754716981132,9.622641509433961,1.2,2.2641509433962264,1.0925819436457733,0.4067796610169491,0.10169491525423728,0.6363636363636362,0.042222222222222223,0.0794979079497908,,,0.24831765944039572,1.9,0.0,0.0,7.6,0.0,0.0
Myisha Hines-Allen,203000,DAL,UFA,veteran,0,0,1,0,0.9090909090909091,0.5,20.045454545454547,1,1,13.755656108597282,5.248868778280542,10.859728506787329,1.3,2.352941176470588,1.0668163952835483,0.33870967741935487,0.24193548387096772,1.3181818181818181,0.02,0.036281179138321996,0.015000000000000013,0.013000000000000012,-1.3615149941003584,0.0,0.8,0.0,0.0,7.6,0.0
Rae Burrell,137500,LAS,UFA,veteran,0,0,1,0,0.6363636363636364,0.03571428571428571,11.704545454545455,0,1,16.30434782608696,2.6086956521739135,5.0,0.8,1.739130434782609,1.0492445439283715,0.265625,0.37499999999999994,1.3333333333333333,0.02142857142857143,0.04660194174757281,-0.03199999999999992,-0.027000000000000024,-0.4043709924578387,0.0,0.6,0.0,0.0,7.5,0.0
Aziaha James,72455,DAL,Rookie,rookie,1,0,0,0,0.8636363636363636,0.21052631578947367,15.295454545454545,0,1,16.949152542372882,3.6158192090395485,6.553672316384181,0.8,1.8079096045197742,0.9241005421389847,0.18666666666666665,0.38666666666666666,1.6,0.002631578947368421,0.005943536404160476,-0.05199999999999999,-0.03899999999999998,-1.3615149941003584,0.1,0.0,0.0,7.5,0.0,0.0
Jacy Sheldon,74909,TOT,Rookie,rookie,1,0,0,0,0.6818181818181818,0.5666666666666667,16.09090909090909,1,1,12.711864406779661,3.2203389830508473,3.2203389830508473,1.1,1.864406779661017,1.1996161228406907,0.13559322033898305,0.5084745762711864,1.9,0.03333333333333333,0.05649717514124294,,,0.24831765944039572,1.0,0.0,0.0,7.5,0.0,0.0
Aerial Powers,0,TOT,UFA,veteran,0,0,1,0,0.22727272727272727,0.0,3.7954545454545454,0,1,17.724550898203596,4.790419161676647,9.341317365269461,0.9,2.155688622754491,1.0087241003271539,0.29230769230769227,0.29230769230769227,1.8181818181818181,0.05,0.11976047904191617,,,0.24831765944039572,0.0,0.5,0.0,0.0,7.4,0.0
Aerial Powers,11924,TOT,UFA,veteran,0,0,1,0,0.22727272727272727,0.0,3.7954545454545454,0,1,17.724550898203596,4.790419161676647,9.341317365269461,0.9,2.155688622754491,1.0087241003271539,0.29230769230769227,0.29230769230769227,1.8181818181818181,0.05,0.11976047904191617,,,0.24831765944039572,0.0,0.5,0.0,0.0,7.4,0.0
Aerial Powers,9274,TOT,Hardship,hardship,0,1,0,0,0.22727272727272727,0.0,3.7954545454545454,0,1,17.724550898203596,4.790419161676647,9.341317365269461,0.9,2.155688622754491,1.0087241003271539,0.29230769230769227,0.29230769230769227,1.8181818181818181,0.05,0.11976047904191617,,,0.24831765944039572,0.0,0.0,0.5,0.0,0.0,7.4
Aerial Powers,3975,TOT,Hardship,hardship,0,1,0,0,0.22727272727272727,0.0,3.7954545454545454,0,1,17.724550898203596,4.790419161676647,9.341317365269461,0.9,2.155688622754491,1.0087241003271539,0.29230769230769227,0.29230769230769227,1.8181818181818181,0.05,0.11976047904191617,,,0.24831765944039572,0.0,0.0,0.5,0.0,0.0,7.4
Temi Fagbenle,90000,GSV,Reserved,controlled,0,0,0,0,0.8863636363636364,0.9743589743589743,21.022727272727273,1,1,12.48945147679325,2.7004219409282704,8.270042194092827,1.5,2.5316455696202533,1.088875809299588,0.140625,0.25,1.0666666666666667,0.061538461538461535,0.10378378378378378,0.013000000000000012,0.04400000000000004,0.17357702568400166,0.0,0.0,0.0,0.0,0.0,0.0
Sug Sutton,93831,WAS,Reserved,controlled,0,0,0,0,0.9772727272727273,1.0,25.5,1,1,11.340996168582375,5.9770114942528725,2.758620689655172,0.9,1.379310344827586,1.044607566346697,0.16666666666666669,0.42424242424242425,2.0526315789473686,0.01627906976744186,0.0249554367201426,-0.007000000000000006,0.013000000000000012,-0.8949866139096142,0.0,0.0,0.0,0.0,0.0,0.0
Monique Billings,110000,GSV,UFA,veteran,0,0,1,0,0.5909090909090909,0.3076923076923077,10.772727272727273,0,1,16.043956043956044,1.098901098901099,9.89010989010989,1.4,3.076923076923077,1.0928143712574852,0.3448275862068966,0.24137931034482757,0.625,0.06538461538461539,0.14345991561181434,0.014000000000000012,0.028000000000000025,0.17357702568400166,0.0,1.7,0.0,0.0,7.3,0.0
Haley Jones,36094,TOT,UFA,veteran,0,0,1,0,0.6363636363636364,0.5714285714285714,13.5,1,1,13.773584905660377,4.339622641509433,6.60377358490566,1.6,3.018867924528302,1.0038503850385039,0.19402985074626866,0.208955223880597,1.352941176470588,0.0,0.0,,,0.24831765944039572,0.0,0.0,0.0,0.0,7.3,0.0
Haley Jones,5553,TOT,Hardship,hardship,0,1,0,0,0.6363636363636364,0.5714285714285714,13.5,1,1,13.773584905660377,4.339622641509433,6.60377358490566,1.6,3.018867924528302,1.0038503850385039,0.19402985074626866,0.208955223880597,1.352941176470588,0.0,0.0,,,0.24831765944039572,0.0,0.0,0.0,0.0,0.0,7.3
Haley Jones,4998,TOT,Hardship,hardship,0,1,0,0,0.6363636363636364,0.5714285714285714,13.5,1,1,13.773584905660377,4.339622641509433,6.60377358490566,1.6,3.018867924528302,1.0038503850385039,0.19402985074626866,0.208955223880597,1.352941176470588,0.0,0.0,,,0.24831765944039572,0.0,0.0,0.0,0.0,0.0,7.3
Carla Leite,72455,GSV,,unknown,0,0,0,1,0.8409090909090909,0.16216216216216217,14.477272727272727,0,1,16.74418604651163,4.651162790697675,3.023255813953489,0.7999999999999999,1.8604651162790697,1.001669449081803,0.45,0.3333333333333333,1.3333333333333333,0.021621621621621623,0.05023547880690738,-0.026000000000000023,-0.065,0.17357702568400166,0.0,0.0,0.0,0.0,0.0,0.0
Lexie Hull,88261,IND,Rookie,rookie,1,0,0,0,1.0,0.6818181818181818,27.022727272727273,1,1,10.666666666666666,2.6666666666666665,6.370370370370369,1.4,2.074074074074074,1.0067114093959733,0.11764705882352942,0.5,2.0,0.06136363636363637,0.09083263246425569,-0.051000000000000045,-0.030000000000000027,0.4085994662347417,2.7,0.0,0.0,7.2,0.0,0.0
Kia Nurse,145000,CHI,UFA,veteran,0,0,1,0,1.0,0.4090909090909091,21.863636363636363,0,1,13.15068493150685,2.3744292237442925,4.200913242009133,0.3,0.547945205479452,0.9977827050997784,0.21212121212121213,0.6212121212121212,1.0,-0.013636363636363636,-0.024948024948024946,-0.020000000000000018,-0.01699999999999996,-1.8591173596021162,-0.0,-0.6,-0.0,0.0,7.2,0.0
Luisa Geiselsoder,66079,DAL,UFA,veteran,0,0,1,0,0.6363636363636364,0.8571428571428571,14.272727272727273,1,1,12.321428571428573,2.8571428571428577,8.571428571428571,1.5,2.678571428571429,1.0492700729927007,0.0625,0.53125,1.6,0.028571428571428574,0.050955414012738856,0.008000000000000007,0.04200000000000004,-1.3615149941003584,0.0,0.8,0.0,0.0,6.9,0.0
Dana Evans,89000,LVA,RFA,veteran,0,0,1,0,1.0,0.022727272727272728,17.65909090909091,0,1,14.915254237288135,4.971751412429379,2.4858757062146895,0.5,1.1299435028248588,0.9666080843585237,0.19047619047619047,0.36507936507936506,2.75,0.018181818181818184,0.04118404118404119,-0.06400000000000006,-0.04999999999999999,0.6697824024560418,0.0,0.8,0.0,0.0,6.6,0.0
Bridget Carleton,125000,MIN,UFA,veteran,0,0,1,0,1.0,1.0,27.886363636363637,1,1,9.31899641577061,2.867383512544803,5.161290322580645,1.1,1.5770609318996416,1.0718997361477574,0.10344827586206896,0.6551724137931034,2.5,0.07727272727272727,0.110839445802771,-0.03399999999999992,-0.016000000000000014,1.6774743240099597,0.0,3.4,0.0,0.0,6.5,0.0
JJ Quinerly,66079,DAL,Rookie,rookie,1,0,0,0,0.7727272727272727,0.38235294117647056,12.25,0,1,16.352201257861633,5.786163522012578,4.779874213836478,1.1,2.767295597484277,1.0704874835309617,0.23636363636363636,0.29090909090909095,1.5333333333333332,0.011764705882352941,0.029684601113172546,0.015000000000000013,0.01200000000000001,-1.3615149941003584,0.4,0.0,0.0,6.5,0.0,0.0
Marine Johannes,66079,NYL,UFA,veteran,0,0,1,0,1.0,0.11363636363636363,18.25,0,1,13.989071038251366,3.4972677595628414,4.153005464480874,0.8999999999999999,1.9672131147540979,1.0891763104152485,0.07017543859649122,0.7543859649122806,1.3333333333333335,0.018181818181818184,0.039850560398505604,-0.03399999999999992,0.0,0.6796248973640951,0.0,0.8,0.0,0.0,6.4,0.0
Kaila Charles,21198,TOT,UFA,veteran,0,0,1,0,0.7954545454545454,0.34285714285714286,14.0,0,1,14.545454545454545,2.2727272727272725,9.772727272727272,1.0,2.2727272727272725,1.0638297872340425,0.25925925925925924,0.3888888888888889,0.9090909090909091,0.04,0.09090909090909091,,,0.24831765944039572,0.0,1.4,0.0,0.0,6.4,0.0
Kaila Charles,13911,TOT,UFA,veteran,0,0,1,0,0.7954545454545454,0.34285714285714286,14.0,0,1,14.545454545454545,2.2727272727272725,9.772727272727272,1.0,2.2727272727272725,1.0638297872340425,0.25925925925925924,0.3888888888888889,0.9090909090909091,0.04,0.09090909090909091,,,0.24831765944039572,0.0,1.4,0.0,0.0,6.4,0.0
Kaila Charles,13911,TOT,UFA,veteran,0,0,1,0,0.7954545454545454,0.34285714285714286,14.0,0,1,14.545454545454545,2.2727272727272725,9.772727272727272,1.0,2.2727272727272725,1.0638297872340425,0.25925925925925924,0.3888888888888889,0.9090909090909091,0.04,0.09090909090909091,,,0.24831765944039572,0.0,1.4,0.0,0.0,6.4,0.0
Kaila Charles,6956,TOT,Hardship,hardship,0,1,0,0,0.7954545454545454,0.34285714285714286,14.0,0,1,14.545454545454545,2.2727272727272725,9.772727272727272,1.0,2.2727272727272725,1.0638297872340425,0.25925925925925924,0.3888888888888889,0.9090909090909091,0.04,0.09090909090909091,,,0.24831765944039572,0.0,0.0,1.4,0.0,0.0,6.4
Kate Martin,68595,GSV,Rookie,rookie,1,0,0,0,0.9545454545454546,0.09523809523809523,15.613636363636363,0,1,15.121951219512198,2.439024390243903,6.585365853658538,0.5,1.2195121951219514,0.9198813056379822,0.15873015873015872,0.6984126984126985,1.25,0.014285714285714285,0.034934497816593885,-0.07200000000000001,-0.05199999999999999,0.17357702568400166,0.6,0.0,0.0,6.2,0.0,0.0
Li Yueru,66079,TOT,,unknown,0,0,0,1,0.7045454545454546,0.3870967741935484,11.795454545454545,0,1,14.371257485029941,2.155688622754491,10.778443113772456,0.6,1.437125748502994,1.0706638115631693,0.32653061224489793,0.36734693877551017,0.9,0.02903225806451613,0.06936416184971098,,,0.24831765944039572,0.0,0.0,0.0,0.0,0.0,0.0
Kitija Laksa,80000,PHO,UFA,veteran,0,0,1,0,0.75,0.15151515151515152,14.227272727272727,0,1,12.421052631578947,1.263157894736842,2.526315789473684,0.6000000000000001,1.2631578947368423,0.9932659932659933,0.18181818181818182,0.6545454545454545,1.0,0.01818181818181818,0.038338658146964855,-0.03700000000000003,-0.030000000000000027,0.5112900678967056,0.0,0.6,0.0,0.0,5.9,0.0
Jade Melbourne,66710,WAS,,unknown,0,0,0,1,0.9772727272727273,0.27906976744186046,22.90909090909091,0,1,10.085470085470087,4.957264957264957,3.247863247863248,0.8,1.3675213675213678,0.991930060524546,0.3269230769230769,0.4230769230769231,1.7058823529411764,0.004651162790697674,0.007936507936507936,-0.03400000000000003,-0.024999999999999967,-0.8949866139096142,0.0,0.0,0.0,0.0,0.0,0.0
Michaela Onyenwere,125000,CHI,RFA,veteran,0,0,1,0,0.9545454545454546,0.5238095238095238,16.15909090909091,1,1,13.727810650887575,2.6035502958579886,3.7869822485207103,0.5,1.183431952662722,1.049204052098408,0.24,0.32,0.8461538461538461,-0.011904761904761904,-0.02812939521800281,0.009000000000000008,0.0030000000000000027,-1.8591173596021162,-0.0,-0.5,-0.0,0.0,5.8,0.0
Te-Hina Paopao,69267,ATL,Rookie,rookie,1,0,0,0,0.9772727272727273,0.3488372093023256,16.363636363636363,0,1,13.892215568862277,5.748502994011976,3.832335329341318,0.7,1.6766467065868265,1.1085626911314985,0.058823529411764705,0.607843137254902,2.4,0.04883720930232558,0.11666666666666667,0.0040000000000000036,0.04300000000000004,1.2293152868634125,2.1,0.0,0.0,5.8,0.0,0.0
Teaira McCowan,201400,DAL,RFA,veteran,0,0,1,0,0.38636363636363635,0.0,4.9772727272727275,0,0,17.364341085271317,1.8604651162790695,14.263565891472865,1.0,3.1007751937984493,1.2048192771084338,0.4358974358974359,0.025641025641025644,0.6666666666666666,0.041176470588235294,0.1278538812785388,0.08199999999999996,0.07600000000000007,-1.3615149941003584,0.0,0.7,0.0,0.0,5.6,0.0
Nyara Sabally,79999,NYL,Rookie,rookie,1,0,0,0,0.38636363636363635,0.5882352941176471,6.931818181818182,1,1,12.067039106145254,1.7877094972067042,10.05586592178771,1.5,3.3519553072625703,1.0465116279069768,0.3333333333333333,0.08888888888888889,0.888888888888889,0.047058823529411764,0.10491803278688525,-0.04499999999999993,-0.03300000000000003,0.6796248973640951,0.8,0.0,0.0,5.4,0.0,0.0
Maya Caldwell,66079,ATL,Reserved,controlled,0,0,0,0,0.9318181818181818,0.3902439024390244,17.272727272727273,0,1,11.675675675675677,3.891891891891892,6.7027027027027035,1.1,2.3783783783783785,1.0756972111553786,0.10416666666666667,0.5625000000000001,1.8,0.058536585365853655,0.12631578947368421,-0.013000000000000012,0.01200000000000001,1.2293152868634125,0.0,0.0,0.0,0.0,0.0,0.0
Aaliyah Edwards,74909,TOT,Rookie,rookie,1,0,0,0,0.8181818181818182,0.0,12.136363636363637,0,0,14.594594594594595,1.6216216216216215,10.0,1.0,2.7027027027027026,1.008215085884989,0.5581395348837209,0.06976744186046512,0.5454545454545454,0.011111111111111112,0.0299625468164794,,,0.24831765944039572,0.4,0.0,0.0,5.4,0.0,0.0
Julie Allemand,85000,LAS,SuspCE,hardship,0,1,0,0,0.7727272727272727,0.7941176470588235,21.886363636363637,1,1,7.632508833922262,7.06713780918728,5.229681978798587,1.3,1.8374558303886928,1.087832393231265,0.1276595744680851,0.6382978723404255,3.125,0.04411764705882353,0.06230529595015576,-0.015999999999999903,0.007000000000000006,-0.4043709924578387,0.0,0.0,1.5,0.0,0.0,5.4
Laeticia Amihere,53307,GSV,UFA,veteran,0,0,1,0,0.6590909090909091,0.0,8.75,0,0,16.2406015037594,2.706766917293233,12.932330827067668,1.0,3.007518796992481,1.1092851273623665,0.5641025641025642,0.1794871794871795,0.8181818181818181,0.05172413793103448,0.15584415584415584,0.019000000000000017,-0.013000000000000012,0.17357702568400166,0.0,1.5,0.0,0.0,5.4,0.0
Lexi Held,66079,PHO,UFA,veteran,0,0,1,0,0.7272727272727273,0.0,10.704545454545455,0,0,14.421768707482991,2.993197278911565,2.993197278911565,0.8999999999999999,2.4489795918367343,0.9800295857988166,0.13725490196078433,0.5490196078431373,1.2222222222222223,0.0125,0.03397027600849257,-0.05300000000000005,-0.03899999999999998,0.5112900678967056,0.0,0.4,0.0,0.0,5.3,0.0
Kathryn Westbeld,66079,PHO,UFA,veteran,0,0,1,0,0.9772727272727273,0.5581395348837209,18.0,1,1,11.08695652173913,1.956521739130435,5.434782608695653,1.4,3.0434782608695654,0.9608138658628484,0.13999999999999999,0.6,1.5,0.037209302325581395,0.0808080808080808,-0.06000000000000005,-0.045999999999999985,0.5112900678967056,0.0,1.6,0.0,0.0,5.1,0.0
Shey Peddy,13911,TOT,Hardship,hardship,0,1,0,0,0.3409090909090909,0.3333333333333333,6.0227272727272725,0,1,11.525423728813559,4.7457627118644075,3.84180790960452,0.4,0.9039548022598871,1.2865792129162459,0.16216216216216214,0.6216216216216215,2.3333333333333335,0.04666666666666666,0.10566037735849056,,,0.24831765944039572,0.0,0.0,0.7,0.0,0.0,5.1
Shey Peddy,9440,TOT,Hardship,hardship,0,1,0,0,0.3409090909090909,0.3333333333333333,6.0227272727272725,0,1,11.525423728813559,4.7457627118644075,3.84180790960452,0.4,0.9039548022598871,1.2865792129162459,0.16216216216216214,0.6216216216216215,2.3333333333333335,0.04666666666666666,0.10566037735849056,,,0.24831765944039572,0.0,0.0,0.7,0.0,0.0,5.1
Shey Peddy,1987,TOT,Hardship,hardship,0,1,0,0,0.3409090909090909,0.3333333333333333,6.0227272727272725,0,1,11.525423728813559,4.7457627118644075,3.84180790960452,0.4,0.9039548022598871,1.2865792129162459,0.16216216216216214,0.6216216216216215,2.3333333333333335,0.04666666666666666,0.10566037735849056,,,0.24831765944039572,0.0,0.0,0.7,0.0,0.0,5.1
Rebecca Allen,160000,CHI,UFA,veteran,0,0,1,0,1.0,0.38636363636363635,18.65909090909091,0,1,10.909090909090908,2.7807486631016047,5.5614973262032095,1.0,2.1390374331550803,0.878099173553719,0.12727272727272726,0.5454545454545454,1.4444444444444444,-0.011363636363636364,-0.024360535931790498,-0.07200000000000001,-0.046999999999999986,-1.8591173596021162,-0.0,-0.5,-0.0,0.0,5.1,0.0
Kalani Brown,128750,PHO,UFA,veteran,0,0,1,0,0.6590909090909091,0.034482758620689655,8.409090909090908,0,0,15.937499999999998,1.875,12.5,0.8,2.5,1.3322884012539185,0.36363636363636365,0.09090909090909091,0.7499999999999999,0.05862068965517241,0.1837837837837838,0.122,0.128,0.5112900678967056,0.0,1.7,0.0,0.0,5.1,0.0
Cameron Brink,78066,LAS,Rookie,rookie,1,0,0,0,0.4318181818181818,0.0,5.545454545454546,0,0,15.937499999999998,1.5625,13.4375,1.9,5.9375,1.0660535117056855,0.2558139534883721,0.4186046511627907,0.3846153846153846,0.015789473684210527,0.04918032786885246,-0.03699999999999992,-0.03300000000000003,-0.4043709924578387,0.3,0.0,0.0,5.1,0.0,0.0
Isabelle Harrison,78831,NYL,UFA,veteran,0,0,1,0,0.7727272727272727,0.029411764705882353,8.181818181818182,0,0,18.49056603773585,2.641509433962264,9.81132075471698,0.7,2.641509433962264,1.0957066189624332,0.33333333333333337,0.10256410256410257,1.0,0.03529411764705882,0.13333333333333333,-0.027999999999999914,-0.026000000000000023,0.6796248973640951,0.0,1.2,0.0,0.0,4.9,0.0
Chloe Bibby,23322,TOT,UFA,veteran,0,0,1,0,0.3181818181818182,0.0,3.5,0,0,17.454545454545453,1.8181818181818181,6.545454545454545,0.7,2.5454545454545454,1.1527377521613833,0.15384615384615385,0.7692307692307693,1.0,0.03571428571428571,0.12987012987012989,,,0.24831765944039572,0.0,0.5,0.0,0.0,4.8,0.0
Chloe Bibby,9995,TOT,UFA,veteran,0,0,1,0,0.3181818181818182,0.0,3.5,0,0,17.454545454545453,1.8181818181818181,6.545454545454545,0.7,2.5454545454545454,1.1527377521613833,0.15384615384615385,0.7692307692307693,1.0,0.03571428571428571,0.12987012987012989,,,0.24831765944039572,0.0,0.5,0.0,0.0,4.8,0.0
Chloe Bibby,3887,TOT,UFA,veteran,0,0,1,0,0.3181818181818182,0.0,3.5,0,0,17.454545454545453,1.8181818181818181,6.545454545454545,0.7,2.5454545454545454,1.1527377521613833,0.15384615384615385,0.7692307692307693,1.0,0.03571428571428571,0.12987012987012989,,,0.24831765944039572,0.0,0.5,0.0,0.0,4.8,0.0
Natasha Mack,116079,PHO,Reserved,controlled,0,0,0,0,0.7727272727272727,0.6764705882352942,14.159090909090908,1,1,10.273224043715846,1.967213114754098,12.677595628415299,2.4,5.245901639344262,1.1508325171400586,0.3055555555555556,0.02777777777777778,2.25,0.09411764705882353,0.20545746388443017,0.026999999999999913,0.07099999999999995,0.5112900678967056,0.0,0.0,0.0,0.0,0.0,0.0
Damiris Dantas,100000,IND,UFA,veteran,0,0,1,0,0.8636363636363636,0.0,9.977272727272727,0,0,15.862068965517242,2.413793103448276,8.275862068965518,0.30000000000000004,1.03448275862069,0.9005481597494127,0.14583333333333334,0.5208333333333334,0.8749999999999999,0.002631578947368421,0.009111617312072894,-0.10100000000000003,-0.10000000000000003,0.4085994662347417,0.0,0.1,0.0,0.0,4.6,0.0
Tyasha Harris,100013,DAL,,unknown,0,0,0,1,0.11363636363636363,0.0,1.8636363636363635,0,1,11.219512195121952,6.3414634146341475,2.439024390243903,0.8,1.9512195121951224,1.2182203389830506,0.11111111111111112,0.6111111111111112,4.333333333333334,0.04,0.0975609756097561,0.09499999999999997,0.11399999999999999,-1.3615149941003584,0.0,0.0,0.0,0.0,0.0,0.0
Emma Cannon,116331,LAS,UFA,veteran,0,0,1,0,0.4772727272727273,0.0,4.840909090909091,0,0,17.425742574257427,1.5841584158415842,7.128712871287129,0.5,1.9801980198019802,1.2629161882893227,0.3666666666666667,0.5666666666666667,0.5,0.01904761904761905,0.07511737089201878,0.07300000000000006,0.09799999999999998,-0.4043709924578387,0.0,0.4,0.0,0.0,4.4,0.0
Maria Kliundikova,54418,MIN,UFA,veteran,0,0,1,0,0.7727272727272727,0.029411764705882353,8.477272727272727,0,0,16.0,2.1818181818181817,10.909090909090908,1.5,5.454545454545454,1.0826771653543308,0.15789473684210525,0.18421052631578946,0.8571428571428572,0.047058823529411764,0.17158176943699732,-0.03299999999999992,-0.01100000000000001,1.6774743240099597,0.0,1.6,0.0,0.0,4.4,0.0
Christyn Williams,6802,DAL,Hardship,hardship,0,1,0,0,0.09090909090909091,0.0,1.0227272727272727,0,0,15.221238938053096,2.831858407079646,3.5398230088495573,0.0,0.0,0.9227467811158797,0.375,0.25,2.666666666666667,0.0,0.0,-0.057999999999999996,-0.06299999999999994,-1.3615149941003584,0.0,0.0,0.0,0.0,0.0,4.3
Christyn Williams,833,DAL,Hardship,hardship,0,1,0,0,0.09090909090909091,0.0,1.0227272727272727,0,0,15.221238938053096,2.831858407079646,3.5398230088495573,0.0,0.0,0.9227467811158797,0.375,0.25,2.666666666666667,0.0,0.0,-0.057999999999999996,-0.06299999999999994,-1.3615149941003584,0.0,0.0,0.0,0.0,0.0,4.3
Kierstan Bell,84543,LVA,Rookie,rookie,1,0,0,0,0.7954545454545454,0.45714285714285713,9.704545454545455,0,0,13.77049180327869,2.2950819672131146,5.901639344262295,0.7,2.2950819672131146,0.9178321678321678,0.09090909090909091,0.6590909090909091,1.4,0.008571428571428572,0.02810304449648712,-0.09700000000000003,-0.07100000000000001,0.6697824024560418,0.3,0.0,0.0,4.2,0.0,0.0
Maddy Westbeld,69267,CHI,Rookie,rookie,1,0,0,0,0.5909090909090909,0.038461538461538464,8.045454545454545,0,0,12.058823529411764,2.647058823529412,7.058823529411765,0.8,2.3529411764705883,0.9615384615384615,0.15,0.425,1.5,0.007692307692307693,0.022598870056497175,-0.038000000000000034,-0.032999999999999974,-1.8591173596021162,0.2,0.0,0.0,4.1,0.0,0.0
Kiana Williams,12772,PHO,UFA,veteran,0,0,1,0,0.25,0.0,2.4318181818181817,0,0,16.90721649484536,3.7113402061855676,4.123711340206186,0.3,1.2371134020618557,1.0858050847457625,0.11111111111111112,0.6666666666666666,1.8,0.018181818181818184,0.07476635514018692,-0.0030000000000000027,0.03600000000000003,0.5112900678967056,0.0,0.2,0.0,0.0,4.1,0.0
Kiana Williams,11661,PHO,UFA,veteran,0,0,1,0,0.25,0.0,2.4318181818181817,0,0,16.90721649484536,3.7113402061855676,4.123711340206186,0.3,1.2371134020618557,1.0858050847457625,0.11111111111111112,0.6666666666666666,1.8,0.018181818181818184,0.07476635514018692,-0.0030000000000000027,0.03600000000000003,0.5112900678967056,0.0,0.2,0.0,0.0,4.1,0.0
Kiana Williams,9440,PHO,UFA,veteran,0,0,1,0,0.25,0.0,2.4318181818181817,0,0,16.90721649484536,3.7113402061855676,4.123711340206186,0.3,1.2371134020618557,1.0858050847457625,0.11111111111111112,0.6666666666666666,1.8,0.018181818181818184,0.07476635514018692,-0.0030000000000000027,0.03600000000000003,0.5112900678967056,0.0,0.2,0.0,0.0,4.1,0.0
Lucy Olsen,69267,WAS,Rookie,rookie,1,0,0,0,0.9318181818181818,0.0,11.545454545454545,0,0,12.903225806451612,3.8709677419354835,3.8709677419354835,0.5,1.6129032258064515,0.9813542688910698,0.10256410256410257,0.4358974358974359,2.4,0.014634146341463414,0.047244094488188976,-0.03400000000000003,-0.008000000000000007,-0.8949866139096142,0.6,0.0,0.0,4.0,0.0,0.0
Diamond Miller,83371,TOT,,unknown,0,0,0,1,0.9090909090909091,0.025,9.863636363636363,0,0,14.678899082568806,2.9357798165137616,4.770642201834862,0.5,1.8348623853211008,1.0183299389002036,0.35294117647058826,0.3823529411764706,0.888888888888889,0.005,0.018433179723502304,,,0.24831765944039572,0.0,0.0,0.0,0.0,0.0,0.0
Alysha Clark,205908,TOT,UFA,veteran,0,0,1,0,0.9545454545454546,0.35714285714285715,18.818181818181817,0,1,7.918781725888324,2.4365482233502536,5.685279187817258,0.7,1.4213197969543145,0.9596456692913385,0.15789473684210525,0.6052631578947368,2.4,0.02619047619047619,0.05314009661835749,,,0.24831765944039572,0.0,1.1,0.0,0.0,3.9,0.0
Nia Coffey,150000,ATL,UFA,veteran,0,0,1,0,1.0,0.045454545454545456,10.340909090909092,0,0,15.145631067961164,3.8834951456310676,10.097087378640776,0.6000000000000001,2.330097087378641,1.0306553911205074,0.33333333333333337,0.5757575757575758,1.4285714285714286,0.031818181818181815,0.12307692307692308,-0.052000000000000046,-0.057999999999999996,1.2293152868634125,0.0,1.4,0.0,0.0,3.9,0.0
Aaliyah Nye,69267,LVA,Rookie,rookie,1,0,0,0,1.0,0.045454545454545456,15.25,0,1,9.934640522875817,1.3071895424836601,3.9215686274509807,0.5,1.3071895424836601,0.9322865554465163,0.10256410256410257,0.6923076923076924,0.8333333333333334,0.0,0.0,-0.07900000000000007,-0.05299999999999999,0.6697824024560418,0.0,0.0,0.0,3.8,0.0,0.0
Stefanie Dolson,170000,WAS,UFA,veteran,0,0,1,0,0.9772727272727273,0.32558139534883723,14.840909090909092,0,1,9.73684210526316,3.6842105263157894,6.052631578947368,0.6,1.5789473684210527,1.0511363636363638,0.15151515151515152,0.5151515151515151,2.0,0.023255813953488372,0.06125574272588055,0.0040000000000000036,0.03500000000000003,-0.8949866139096142,0.0,1.0,0.0,0.0,3.7,0.0
Rebekah Gardner,66079,NYL,Reserved,controlled,0,0,0,0,0.9318181818181818,0.12195121951219512,11.409090909090908,0,0,12.131147540983607,1.9672131147540983,5.901639344262295,0.8,2.6229508196721314,1.2300531914893618,0.25925925925925924,0.37037037037037035,1.0,0.03902439024390244,0.12749003984063745,0.050000000000000044,0.06499999999999995,0.6796248973640951,0.0,0.0,0.0,0.0,0.0,0.0
Jaelyn Brown,42757,CON,UFA,veteran,0,0,1,0,0.22727272727272727,0.0,2.977272727272727,0,0,11.297709923664124,0.30534351145038174,3.66412213740458,0.7,2.1374045801526718,0.9767687434002111,0.05405405405405406,0.48648648648648646,0.2,-0.01,-0.030534351145038167,-0.017000000000000015,0.02799999999999997,-1.8186115421419249,-0.0,-0.1,-0.0,0.0,3.7,0.0
Emily Engstler,81079,WAS,Reserved,controlled,0,0,0,0,0.9090909090909091,0.0,11.636363636363637,0,0,11.5625,4.6875,10.3125,1.4,4.375,0.9747102212855638,0.2647058823529412,0.4705882352941177,1.5,0.027500000000000004,0.0859375,-0.04300000000000004,-0.02799999999999997,-0.8949866139096142,0.0,0.0,0.0,0.0,0.0,0.0
Hailey Van Lith,72455,CHI,Rookie,rookie,1,0,0,0,0.6590909090909091,0.0,8.204545454545455,0,0,11.29032258064516,5.161290322580645,3.5483870967741935,0.5,1.6129032258064515,0.8169934640522876,0.2894736842105263,0.2894736842105263,1.3333333333333335,-0.03103448275862069,-0.09972299168975068,-0.10000000000000003,-0.11399999999999999,-1.8591173596021162,-0.9,-0.0,-0.0,3.5,0.0,0.0
Zia Cooke,66079,SEA,UFA,veteran,0,0,1,0,0.5909090909090909,0.0,5.931818181818182,0,0,14.0,2.0,2.0,0.4,1.6,0.9733036707452725,0.28125,0.46875,0.625,-0.011538461538461537,-0.04597701149425287,-0.061000000000000054,-0.059,0.24831765944039572,-0.0,-0.3,-0.0,0.0,3.5,0.0
Zia Cooke,13882,SEA,UFA,veteran,0,0,1,0,0.5909090909090909,0.0,5.931818181818182,0,0,14.0,2.0,2.0,0.4,1.6,0.9733036707452725,0.28125,0.46875,0.625,-0.011538461538461537,-0.04597701149425287,-0.061000000000000054,-0.059,0.24831765944039572,-0.0,-0.3,-0.0,0.0,3.5,0.0
Grace Berger,17214,TOT,UFA,veteran,0,0,1,0,0.4318181818181818,0.6842105263157895,9.5,1,1,6.181818181818182,5.636363636363637,5.999999999999999,1.1,2.0,0.6730007917656373,0.1702127659574468,0.2553191489361702,2.818181818181818,-0.02631578947368421,-0.04784688995215311,,,0.24831765944039572,-0.0,-0.5,-0.0,0.0,3.4,0.0
Grace Berger,11661,TOT,Hardship,hardship,0,1,0,0,0.4318181818181818,0.6842105263157895,9.5,1,1,6.181818181818182,5.636363636363637,5.999999999999999,1.1,2.0,0.6730007917656373,0.1702127659574468,0.2553191489361702,2.818181818181818,-0.02631578947368421,-0.04784688995215311,,,0.24831765944039572,-0.0,-0.0,-0.5,0.0,0.0,3.4
Grace Berger,1666,TOT,Hardship,hardship,0,1,0,0,0.4318181818181818,0.6842105263157895,9.5,1,1,6.181818181818182,5.636363636363637,5.999999999999999,1.1,2.0,0.6730007917656373,0.1702127659574468,0.2553191489361702,2.818181818181818,-0.02631578947368421,-0.04784688995215311,,,0.24831765944039572,-0.0,-0.0,-0.5,0.0,0.0,3.4
Murjanatu Musa,31096,PHO,UDFA,controlled,0,0,0,0,0.2727272727272727,0.0,2.772727272727273,0,0,12.941176470588236,2.3529411764705883,10.19607843137255,0.5,1.9607843137254903,1.0012135922330097,0.3103448275862069,0.06896551724137931,1.0,0.024999999999999998,0.09836065573770492,-0.040000000000000036,-0.031000000000000028,0.5112900678967056,0.0,0.0,0.0,0.0,0.0,0.0
Karlie Samuelson,118450,MIN,UFA,veteran,0,0,1,0,0.36363636363636365,0.25,5.181818181818182,0,0,9.23076923076923,3.076923076923077,3.6363636363636362,0.5,1.3986013986013985,1.1014686248331107,0.34615384615384615,0.8076923076923077,1.5714285714285716,0.03125,0.08771929824561403,-0.02199999999999991,-0.06600000000000006,1.6774743240099597,0.0,0.5,0.0,0.0,3.3,0.0
Tiffany Mitchell,42397,TOT,UFA,veteran,0,0,1,0,0.8863636363636364,0.07692307692307693,11.590909090909092,0,0,9.770992366412216,0.916030534351145,3.358778625954199,0.6000000000000001,1.8320610687022905,1.0230179028132993,0.4615384615384615,0.3076923076923077,0.5,0.007692307692307692,0.023529411764705882,,,0.24831765944039572,0.0,0.3,0.0,0.0,3.2,0.0
Tiffany Mitchell,40789,TOT,UFA,veteran,0,0,1,0,0.8863636363636364,0.07692307692307693,11.590909090909092,0,0,9.770992366412216,0.916030534351145,3.358778625954199,0.6000000000000001,1.8320610687022905,1.0230179028132993,0.4615384615384615,0.3076923076923077,0.5,0.007692307692307692,0.023529411764705882,,,0.24831765944039572,0.0,0.3,0.0,0.0,3.2,0.0
Sevgi Uzun,25543,TOT,UFA,veteran,0,0,1,0,0.5681818181818182,0.12,9.977272727272727,0,1,7.045454545454545,5.681818181818182,2.727272727272727,0.6,1.3636363636363635,0.7627952755905512,0.15789473684210525,0.3157894736842105,1.4705882352941178,-0.048,-0.1093394077448747,,,0.24831765944039572,-0.0,-1.2,-0.0,0.0,3.1,0.0
Sevgi Uzun,11106,TOT,Reserved,controlled,0,0,0,0,0.5681818181818182,0.12,9.977272727272727,0,1,7.045454545454545,5.681818181818182,2.727272727272727,0.6,1.3636363636363635,0.7627952755905512,0.15789473684210525,0.3157894736842105,1.4705882352941178,-0.048,-0.1093394077448747,,,0.24831765944039572,-0.0,-0.0,-0.0,0.0,0.0,0.0
Sarah Ashlee Barker,72455,LAS,Rookie,rookie,1,0,0,0,0.7727272727272727,0.23529411764705882,10.931818181818182,0,0,8.794326241134753,2.5531914893617023,5.390070921985815,0.4,1.1347517730496455,0.90962441314554,0.2258064516129032,0.5806451612903226,0.8181818181818181,-0.023529411764705882,-0.06652806652806653,-0.10499999999999993,-0.09800000000000003,-0.4043709924578387,-0.8,-0.0,-0.0,3.1,0.0,0.0
Megan Gustafson,96820,LVA,UFA,veteran,0,0,1,0,0.45454545454545453,0.05,5.136363636363637,0,0,10.619469026548671,1.0619469026548671,6.371681415929203,0.5,1.7699115044247786,0.922509225092251,0.27586206896551724,0.6896551724137931,1.0,0.01,0.03539823008849558,-0.08000000000000007,-0.04099999999999998,0.6697824024560418,0.0,0.2,0.0,0.0,3.0,0.0
Megan McConnell,31096,PHO,UFA,veteran,0,0,1,0,0.022727272727272728,0.0,0.29545454545454547,0,0,9.230769230769232,9.230769230769232,3.076923076923077,1.0,3.076923076923077,0.75,0.0,0.5,,0.1,0.3076923076923077,-0.16700000000000004,-0.127,0.5112900678967056,0.0,0.1,0.0,0.0,3.0,0.0
Stephanie Talbot,125000,TOT,UFA,veteran,0,0,1,0,0.8636363636363636,0.2631578947368421,12.295454545454545,0,0,8.169014084507042,4.788732394366198,7.605633802816903,0.7,1.971830985915493,0.964095744680851,0.25925925925925924,0.5555555555555555,1.5454545454545452,0.018421052631578946,0.05175600739371533,,,0.24831765944039572,0.0,0.7,0.0,0.0,2.9,0.0
Stephanie Talbot,35110,TOT,UFA,veteran,0,0,1,0,0.8636363636363636,0.2631578947368421,12.295454545454545,0,0,8.169014084507042,4.788732394366198,7.605633802816903,0.7,1.971830985915493,0.964095744680851,0.25925925925925924,0.5555555555555555,1.5454545454545452,0.018421052631578946,0.05175600739371533,,,0.24831765944039572,0.0,0.7,0.0,0.0,2.9,0.0
Julie Vanloo,66079,TOT,Rookie,rookie,1,0,0,0,0.7954545454545454,0.05714285714285714,10.204545454545455,0,0,8.75,5.9375,2.8125,0.4,1.25,0.8403361344537814,0.09374999999999999,0.8125,1.3571428571428572,-0.025714285714285714,-0.08017817371937638,,,0.24831765944039572,-0.9,-0.0,-0.0,2.8,0.0,0.0
Liatu King,16659,TOT,Hardship,hardship,0,1,0,0,0.3181818181818182,0.0,3.090909090909091,0,0,11.134020618556702,1.2371134020618557,8.659793814432991,0.1,0.41237113402061865,1.13255033557047,0.5789473684210527,0.2105263157894737,0.37499999999999994,0.0,0.0,,,0.24831765944039572,0.0,0.0,0.0,0.0,0.0,2.7
Liatu King,4998,TOT,UFA,veteran,0,0,1,0,0.3181818181818182,0.0,3.090909090909091,0,0,11.134020618556702,1.2371134020618557,8.659793814432991,0.1,0.41237113402061865,1.13255033557047,0.5789473684210527,0.2105263157894737,0.37499999999999994,0.0,0.0,,,0.24831765944039572,0.0,0.0,0.0,0.0,2.7,0.0
Makayla Timpson,69267,IND,Rookie,rookie,1,0,0,0,0.7045454545454546,0.0,4.9772727272727275,0,0,14.647887323943664,0.0,10.140845070422536,0.7,3.943661971830986,1.1839708561020037,0.5,0.0,0.0,0.03225806451612903,0.182648401826484,0.040999999999999925,0.04400000000000004,0.4085994662347417,1.0,0.0,0.0,2.6,0.0,0.0
Lindsay Allen,90000,CON,UFA,veteran,0,0,1,0,0.7045454545454546,0.2903225806451613,10.227272727272727,0,0,6.620689655172414,5.517241379310345,2.7586206896551726,0.5,1.3793103448275863,0.9966777408637874,0.3333333333333333,0.2857142857142857,2.0,-0.00967741935483871,-0.026666666666666665,-0.01200000000000001,-0.03500000000000003,-1.8186115421419249,-0.0,-0.3,-0.0,0.0,2.4,0.0
Sydney Colson,90000,IND,UFA,veteran,0,0,1,0,0.6818181818181818,0.2,9.181818181818182,0,0,7.111111111111111,5.925925925925926,2.3703703703703702,0.7,2.074074074074074,0.9273570324574961,0.08,0.64,1.6666666666666667,0.0,0.0,-0.10500000000000004,-0.08900000000000002,0.4085994662347417,0.0,0.0,0.0,0.0,2.4,0.0
Alissa Pili,37769,TOT,,unknown,0,0,0,1,0.4318181818181818,0.0,2.25,0,0,17.69230769230769,1.5384615384615383,7.692307692307692,0.2,1.5384615384615383,1.241900647948164,0.5333333333333333,0.39999999999999997,0.5,0.015789473684210527,0.12121212121212122,,,0.24831765944039572,0.0,0.0,0.0,0.0,0.0,0.0
Alissa Pili,11661,TOT,UFA,veteran,0,0,1,0,0.4318181818181818,0.0,2.25,0,0,17.69230769230769,1.5384615384615383,7.692307692307692,0.2,1.5384615384615383,1.241900647948164,0.5333333333333333,0.39999999999999997,0.5,0.015789473684210527,0.12121212121212122,,,0.24831765944039572,0.0,0.3,0.0,0.0,2.3,0.0
Alissa Pili,10550,TOT,UFA,veteran,0,0,1,0,0.4318181818181818,0.0,2.25,0,0,17.69230769230769,1.5384615384615383,7.692307692307692,0.2,1.5384615384615383,1.241900647948164,0.5333333333333333,0.39999999999999997,0.5,0.015789473684210527,0.12121212121212122,,,0.24831765944039572,0.0,0.3,0.0,0.0,2.3,0.0
Lexie Brown,96408,SEA,UFA,veteran,0,0,1,0,0.5454545454545454,0.0,5.159090909090909,0,0,8.842105263157894,4.2105263157894735,2.9473684210526314,0.4,1.6842105263157894,0.9650735294117647,0.2,0.75,3.3333333333333335,0.016666666666666666,0.07048458149779736,-0.052000000000000046,-0.046999999999999986,0.24831765944039572,0.0,0.4,0.0,0.0,2.1,0.0
Haley Peters,39747,CON,UFA,veteran,0,0,1,0,0.75,0.06060606060606061,8.636363636363637,0,0,7.304347826086957,2.782608695652174,7.6521739130434785,0.4,1.391304347826087,0.7847533632286995,0.16,0.48,1.142857142857143,-0.015151515151515152,-0.05263157894736842,-0.11699999999999999,-0.10400000000000004,-1.8186115421419249,-0.0,-0.5,-0.0,0.0,2.1,0.0
Haley Peters,25173,CON,UFA,veteran,0,0,1,0,0.75,0.06060606060606061,8.636363636363637,0,0,7.304347826086957,2.782608695652174,7.6521739130434785,0.4,1.391304347826087,0.7847533632286995,0.16,0.48,1.142857142857143,-0.015151515151515152,-0.05263157894736842,-0.11699999999999999,-0.10400000000000004,-1.8186115421419249,-0.0,-0.5,-0.0,0.0,2.1,0.0
Haley Peters,13911,CON,UFA,veteran,0,0,1,0,0.75,0.06060606060606061,8.636363636363637,0,0,7.304347826086957,2.782608695652174,7.6521739130434785,0.4,1.391304347826087,0.7847533632286995,0.16,0.48,1.142857142857143,-0.015151515151515152,-0.05263157894736842,-0.11699999999999999,-0.10400000000000004,-1.8186115421419249,-0.0,-0.5,-0.0,0.0,2.1,0.0
Alexis Prince,3975,PHO,UFA,veteran,0,0,1,0,0.022727272727272728,0.0,0.5,0,1,3.6363636363636362,1.8181818181818181,14.545454545454545,0.0,0.0,0.6666666666666666,0.0,0.3333333333333333,0.3333333333333333,-0.1,-0.18181818181818185,-0.20900000000000002,-0.16899999999999998,0.5112900678967056,-0.0,-0.1,-0.0,0.0,2.0,0.0
Kaitlyn Chen,49420,GSV,UFA,veteran,0,0,1,0,0.5454545454545454,0.0,5.613636363636363,0,0,7.766990291262135,3.8834951456310676,3.495145631067961,0.2,0.7766990291262136,0.8960573476702508,0.14285714285714285,0.2857142857142857,1.25,-0.004166666666666667,-0.016194331983805668,-0.07900000000000001,-0.05199999999999999,0.17357702568400166,-0.0,-0.1,-0.0,0.0,2.0,0.0
Mamignan Touré,17769,CON,UFA,veteran,0,0,1,0,0.4090909090909091,0.0,3.340909090909091,0,0,9.756097560975611,2.439024390243903,1.9512195121951224,0.4,1.9512195121951224,0.9090909090909091,0.0,0.5454545454545454,1.25,-0.011111111111111112,-0.054421768707483,-0.04299999999999998,0.0040000000000000036,-1.8186115421419249,-0.0,-0.2,-0.0,0.0,2.0,0.0
Mamignan Touré,11661,CON,UFA,veteran,0,0,1,0,0.4090909090909091,0.0,3.340909090909091,0,0,9.756097560975611,2.439024390243903,1.9512195121951224,0.4,1.9512195121951224,0.9090909090909091,0.0,0.5454545454545454,1.25,-0.011111111111111112,-0.054421768707483,-0.04299999999999998,0.0040000000000000036,-1.8186115421419249,-0.0,-0.2,-0.0,0.0,2.0,0.0
Kariata Diaby,27764,CON,UFA,veteran,0,0,1,0,0.29545454545454547,0.0,2.340909090909091,0,0,9.62025316455696,2.0253164556962022,5.063291139240506,0.6,3.0379746835443036,1.1994949494949494,1.0,0.0,0.4444444444444445,-0.007692307692307693,-0.03883495145631068,0.11499999999999999,0.04199999999999998,-1.8186115421419249,-0.0,-0.1,-0.0,0.0,1.9,0.0
Shatori Walker-Kimbrough,150000,ATL,UFA,veteran,0,0,1,0,0.9318181818181818,0.024390243902439025,8.045454545454545,0,0,7.906976744186046,2.3255813953488373,4.186046511627907,0.5,2.3255813953488373,1.0416666666666665,0.19999999999999998,0.5333333333333333,1.25,0.014634146341463414,0.06779661016949153,-0.03200000000000003,-0.014000000000000012,1.2293152868634125,0.0,0.6,0.0,0.0,1.7,0.0
Mercedes Russell,80672,LAS,UFA,veteran,0,0,1,0,0.45454545454545453,0.0,3.7045454545454546,0,0,8.292682926829269,2.9268292682926833,5.853658536585367,0.5,2.439024390243903,0.9953161592505855,0.5,0.0,1.4999999999999998,0.01,0.049079754601226995,-0.04999999999999993,-0.07700000000000001,-0.4043709924578387,0.0,0.2,0.0,0.0,1.7,0.0
Anastasiia Olairi Kosu,69267,MIN,Rookie,rookie,1,0,0,0,0.4772727272727273,0.0,1.8181818181818181,0,0,17.894736842105264,2.105263157894737,7.368421052631579,0.2,2.105263157894737,0.9953161592505855,0.5,0.07142857142857144,0.6666666666666667,0.004761904761904762,0.05,-0.07999999999999996,-0.09400000000000003,1.6774743240099597,0.1,0.0,0.0,1.7,0.0,0.0
Rayah Marshall,69267,CON,Rookie,rookie,1,0,0,0,0.3409090909090909,0.0,2.0454545454545454,0,0,11.333333333333334,2.0,11.333333333333334,0.30000000000000004,2.0000000000000004,0.8284600389863548,0.4705882352941177,0.05882352941176471,0.6,-0.013333333333333334,-0.08888888888888889,-0.10499999999999998,-0.11200000000000004,-1.8186115421419249,-0.2,-0.0,-0.0,1.7,0.0,0.0
Madison Scott,11661,WAS,UFA,veteran,0,0,1,0,0.20454545454545456,0.0,1.0681818181818181,0,0,12.307692307692307,1.5384615384615383,0.7692307692307692,0.2,1.5384615384615383,1.1627906976744187,0.33333333333333337,0.08333333333333334,2.0,0.011111111111111112,0.0851063829787234,0.019000000000000017,-0.02799999999999997,-0.8949866139096142,0.0,0.1,0.0,0.0,1.6,0.0
Madison Scott,4442,WAS,UFA,veteran,0,0,1,0,0.20454545454545456,0.0,1.0681818181818181,0,0,12.307692307692307,1.5384615384615383,0.7692307692307692,0.2,1.5384615384615383,1.1627906976744187,0.33333333333333337,0.08333333333333334,2.0,0.011111111111111112,0.0851063829787234,0.019000000000000017,-0.02799999999999997,-0.8949866139096142,0.0,0.1,0.0,0.0,1.6,0.0
Sika Kone,66710,TOT,,unknown,0,0,0,1,0.4318181818181818,0.0,1.9318181818181819,0,0,12.444444444444445,2.6666666666666665,8.88888888888889,0.0,0.0,0.9283819628647214,0.5833333333333334,0.25,1.0,0.0,0.0,,,0.24831765944039572,0.0,0.0,0.0,0.0,0.0,0.0
Sika Kone,15548,TOT,UFA,veteran,0,0,1,0,0.4318181818181818,0.0,1.9318181818181819,0,0,12.444444444444445,2.6666666666666665,8.88888888888889,0.0,0.0,0.9283819628647214,0.5833333333333334,0.25,1.0,0.0,0.0,,,0.24831765944039572,0.0,0.0,0.0,0.0,1.4,0.0
Moriah Jefferson,145500,CHI,UFA,veteran,0,0,1,0,0.11363636363636363,0.2,0.7954545454545454,0,0,8.0,10.285714285714286,5.714285714285714,0.0,0.0,0.8749999999999999,0.0,0.37499999999999994,4.5,0.0,0.0,-0.07800000000000001,-0.03799999999999998,-1.8591173596021162,0.0,0.0,0.0,0.0,1.4,0.0
Elizabeth Kitley,27940,LVA,,unknown,0,0,0,1,0.2727272727272727,0.08333333333333333,2.227272727272727,0,0,6.3414634146341475,0.4878048780487806,6.829268292682928,0.8,3.9024390243902447,0.653923541247485,0.10526315789473685,0.052631578947368425,0.16666666666666669,-0.016666666666666666,-0.0816326530612245,-0.23800000000000004,-0.202,0.6697824024560418,-0.0,-0.0,-0.0,0.0,0.0,0.0
Elizabeth Kitley,3887,LVA,UFA,veteran,0,0,1,0,0.2727272727272727,0.08333333333333333,2.227272727272727,0,0,6.3414634146341475,0.4878048780487806,6.829268292682928,0.8,3.9024390243902447,0.653923541247485,0.10526315789473685,0.052631578947368425,0.16666666666666669,-0.016666666666666666,-0.0816326530612245,-0.23800000000000004,-0.202,0.6697824024560418,-0.0,-0.2,-0.0,0.0,1.3,0.0
Sania Feagin,69267,LAS,Rookie,rookie,1,0,0,0,0.36363636363636365,0.0,1.75,0,0,10.833333333333334,2.5,5.833333333333333,0.4,3.333333333333334,0.7049891540130152,0.05555555555555556,0.16666666666666666,0.7499999999999999,-0.01875,-0.15584415584415584,-0.21699999999999997,-0.16400000000000003,-0.4043709924578387,-0.3,-0.0,-0.0,1.3,0.0,0.0
Joyner Holmes,17223,LVA,UFA,veteran,0,0,1,0,0.13636363636363635,0.0,0.6590909090909091,0,0,10.0,0.0,8.333333333333334,0.0,0.0,0.6,0.0,0.4,0.0,-0.016666666666666666,-0.13793103448275865,-0.26000000000000006,-0.21400000000000002,0.6697824024560418,-0.0,-0.1,-0.0,0.0,1.2,0.0
Jaylyn Sherrod,66079,TOT,Reserved,controlled,0,0,0,0,0.5909090909090909,0.0,3.227272727272727,0,0,8.727272727272727,3.6363636363636362,4.363636363636363,0.4,2.909090909090909,0.9090909090909091,0.45454545454545453,0.45454545454545453,1.0,0.0,0.0,,,0.24831765944039572,0.0,0.0,0.0,0.0,0.0,0.0
Jaylyn Sherrod,18880,TOT,UFA,veteran,0,0,1,0,0.5909090909090909,0.0,3.227272727272727,0,0,8.727272727272727,3.6363636363636362,4.363636363636363,0.4,2.909090909090909,0.9090909090909091,0.45454545454545453,0.45454545454545453,1.0,0.0,0.0,,,0.24831765944039572,0.0,0.0,0.0,0.0,1.2,0.0
Brianna Turner,85000,IND,UFA,veteran,0,0,1,0,0.6136363636363636,0.0,5.295454545454546,0,0,5.116279069767443,2.7906976744186047,8.837209302325581,0.4,1.86046511627907,0.825825825825826,0.25,0.0,2.0,0.011111111111111112,0.05150214592274678,-0.13200000000000006,-0.11099999999999999,0.4085994662347417,0.0,0.3,0.0,0.0,1.1,0.0
Kiah Stokes,103000,LVA,UFA,veteran,0,0,1,0,0.9090909090909091,0.45,11.681818181818182,0,0,3.4108527131782944,1.2403100775193798,11.162790697674417,0.8,2.4806201550387597,0.792507204610951,0.15384615384615385,0.4615384615384615,1.0,0.02,0.0622568093385214,-0.14800000000000002,-0.124,0.6697824024560418,0.0,0.8,0.0,0.0,1.1,0.0
Crystal Bradford,16103,LVA,UFA,veteran,0,0,1,0,0.09090909090909091,0.0,0.5454545454545454,0,0,6.666666666666667,2.0,8.666666666666668,0.5,3.3333333333333335,0.6666666666666666,0.0,0.3333333333333333,1.0,0.0,0.0,-0.21900000000000003,-0.173,0.6697824024560418,0.0,0.0,0.0,0.0,1.0,0.0
Kyara Linskens,14437,GSV,UDFA,controlled,0,0,0,0,0.09090909090909091,0.0,0.6136363636363636,0,0,5.882352941176471,1.7647058823529413,8.823529411764707,1.1,6.470588235294119,0.7692307692307692,0.0,0.23076923076923075,0.6,0.0,0.0,-0.131,-0.08199999999999996,0.17357702568400166,0.0,0.0,0.0,0.0,0.0,0.0
Mackenzie Holmes,48865,SEA,UFA,veteran,0,0,1,0,0.22727272727272727,0.0,1.3181818181818181,0,0,6.8965517241379315,1.3793103448275863,6.206896551724139,0.6,4.137931034482759,1.4285714285714286,0.0,0.0,,0.03,0.20689655172413793,0.17499999999999993,0.20899999999999996,0.24831765944039572,0.0,0.3,0.0,0.0,1.0,0.0
Marquesha Davis,36178,TOT,Rookie,rookie,1,0,0,0,0.25,0.0,1.1818181818181819,0,0,7.659574468085107,0.851063829787234,5.106382978723404,0.2,1.702127659574468,0.7731958762886597,0.6666666666666666,0.4444444444444445,0.2,-0.018181818181818184,-0.15384615384615385,,,0.24831765944039572,-0.2,-0.0,-0.0,0.9,0.0,0.0
Marquesha Davis,3887,TOT,UFA,veteran,0,0,1,0,0.25,0.0,1.1818181818181819,0,0,7.659574468085107,0.851063829787234,5.106382978723404,0.2,1.702127659574468,0.7731958762886597,0.6666666666666666,0.4444444444444445,0.2,-0.018181818181818184,-0.15384615384615385,,,0.24831765944039572,-0.0,-0.2,-0.0,0.0,0.9,0.0
Bree Hall,12772,TOT,UFA,veteran,0,0,1,0,0.09090909090909091,0.0,0.38636363636363635,0,0,7.44186046511628,0.0,7.44186046511628,0.0,0.0,0.48426150121065376,0.6153846153846154,0.3846153846153846,0.0,-0.05,-0.47058823529411764,,,0.24831765944039572,-0.0,-0.2,-0.0,0.0,0.8,0.0
Bree Hall,4442,TOT,UFA,veteran,0,0,1,0,0.09090909090909091,0.0,0.38636363636363635,0,0,7.44186046511628,0.0,7.44186046511628,0.0,0.0,0.48426150121065376,0.6153846153846154,0.3846153846153846,0.0,-0.05,-0.47058823529411764,,,0.24831765944039572,-0.0,-0.2,-0.0,0.0,0.8,0.0
Bree Hall,3887,TOT,UFA,veteran,0,0,1,0,0.09090909090909091,0.0,0.38636363636363635,0,0,7.44186046511628,0.0,7.44186046511628,0.0,0.0,0.48426150121065376,0.6153846153846154,0.3846153846153846,0.0,-0.05,-0.47058823529411764,,,0.24831765944039572,-0.0,-0.2,-0.0,0.0,0.8,0.0
Camryn Taylor,11661,MIN,UFA,veteran,0,0,1,0,0.13636363636363635,0.0,0.5227272727272727,0,0,5.2631578947368425,2.105263157894737,10.526315789473685,0.0,0.0,0.3753753753753754,0.25,0.4166666666666667,0.4,-0.03333333333333333,-0.34782608695652173,-0.38199999999999995,-0.32800000000000007,1.6774743240099597,-0.0,-0.2,-0.0,0.0,0.5,0.0
Camryn Taylor,7949,MIN,UFA,veteran,0,0,1,0,0.13636363636363635,0.0,0.5227272727272727,0,0,5.2631578947368425,2.105263157894737,10.526315789473685,0.0,0.0,0.3753753753753754,0.25,0.4166666666666667,0.4,-0.03333333333333333,-0.34782608695652173,-0.38199999999999995,-0.32800000000000007,1.6774743240099597,-0.0,-0.2,-0.0,0.0,0.5,0.0
Taylor Thierry,66079,ATL,Rookie,rookie,1,0,0,0,0.38636363636363635,0.0,0.8181818181818182,0,0,7.6190476190476195,1.9047619047619049,7.6190476190476195,0.2,3.8095238095238098,0.5813953488372093,0.33333333333333337,0.33333333333333337,1.0,0.0,0.0,-0.32000000000000006,-0.28700000000000003,1.2293152868634125,0.0,0.0,0.0,0.4,0.0,0.0
Robyn Parks,11106,CON,UFA,veteran,0,0,1,0,0.13636363636363635,0.0,1.4318181818181819,0,0,1.1428571428571428,1.1428571428571428,5.7142857142857135,0.3,1.1428571428571428,0.37499999999999994,0.0,0.8749999999999999,1.4999999999999998,-0.016666666666666666,-0.06349206349206349,-0.305,-0.258,-1.8186115421419249,-0.0,-0.1,-0.0,0.0,0.3,0.0
Ajae Petty,2915,DAL,Hardship,hardship,0,1,0,0,0.045454545454545456,0.0,0.13636363636363635,0,0,0.0,0.0,6.666666666666667,0.0,0.0,,,,,0.0,0.0,,,-1.3615149941003584,0.0,0.0,0.0,0.0,0.0,0.0
Ajae Petty,1250,DAL,Hardship,hardship,0,1,0,0,0.045454545454545456,0.0,0.13636363636363635,0,0,0.0,0.0,6.666666666666667,0.0,0.0,,,,,0.0,0.0,,,-1.3615149941003584,0.0,0.0,0.0,0.0,0.0,0.0
Kamiah Smalls,7774,ATL,UFA,veteran,0,0,1,0,0.06818181818181818,0.0,0.06818181818181818,0,0,0.0,0.0,0.0,0.0,0.0,,,,,0.0,0.0,,,1.2293152868634125,0.0,0.0,0.0,0.0,0.0,0.0
Kyra Lambert,3887,IND,Hardship,hardship,0,1,0,0,0.022727272727272728,0.0,0.0,0,0,,,,0.0,,,,,,0.0,,,,0.4085994662347417,0.0,0.0,0.0,0.0,0.0,0.0
Marième Badiane,12216,MIN,UFA,veteran,0,0,1,0,0.06818181818181818,0.0,0.25,0,0,0.0,0.0,3.243243243243243,0.7,7.567567567567567,0.0,0.0,0.3,0.0,-0.03333333333333333,-0.3636363636363637,-0.572,-0.542,1.6774743240099597,-0.0,-0.1,-0.0,0.0,0.0,0.0
Serena Sundell,5136,DAL,UFA,veteran,0,0,1,0,0.06818181818181818,0.0,0.5,0,0,0.0,0.0,1.643835616438356,0.0,0.0,0.0,0.0,1.0,0.0,-0.03333333333333333,-0.18181818181818185,-0.514,-0.469,-1.3615149941003584,-0.0,-0.1,-0.0,0.0,0.0,0.0
Yvonne Anderson,85000,MIN,UFA,veteran,0,0,1,0,0.022727272727272728,0.0,0.2727272727272727,0,0,0.0,6.666666666666667,3.3333333333333335,2.0,6.666666666666667,0.0,0.0,0.3333333333333333,,0.0,0.0,-0.572,-0.542,1.6774743240099597,0.0,0.0,0.0,0.0,0.0,0.0
Yvonne Anderson,7774,MIN,UFA,veteran,0,0,1,0,0.022727272727272728,0.0,0.2727272727272727,0,0,0.0,6.666666666666667,3.3333333333333335,2.0,6.666666666666667,0.0,0.0,0.3333333333333333,,0.0,0.0,-0.572,-0.542,1.6774743240099597,0.0,0.0,0.0,0.0,0.0,0.0
