avail_rate,blk,fg,fg_per_g,fga,ft,fta,g,mp,pca1,pts,pts_rookie,pts_vet,start_rate,team_min,tov,ws_rookie,group_controlled,group_hardship,group_rookie,group_unknown,group_veteran
0.9089425829038278,5.576745950717187,3.23507999267337,3.1513295376113604,2.8282630153127886,4.581785990706153,4.30894215668212,0.9089425829038282,1.6258879475859034,3.31351693796571,3.3368524658748124,-0.3793110229900811,3.7817397100983787,1.535454950288967,1.6258879475859034,1.662929889795074,-0.27057743778225596,0.0,0.0,0.0,0.0,1.0
0.3949786557515731,2.698425460024445,2.498940887213592,3.1513295376113604,1.9878850753632993,2.538067904964539,2.1695597597122456,0.39497865575157337,1.1922639372288986,2.3407373576287873,2.483604091445366,-0.3793110229900811,-0.7688495608960341,1.535454950288967,1.1922639372288986,1.1061342316275156,-0.27057743778225596,0.0,0.0,0.0,1.0,0.0
1.2026362555622592,-0.24842647092288545,3.015529733150278,2.5553608538540193,3.026352101158025,2.4062151252392736,2.5111418230939906,1.2026362555622596,1.9451495815850168,2.39274178864979,3.11650810544523,-0.3793110229900811,3.159436903808545,1.535454950288967,1.9451495815850173,1.3681557178240136,-0.27057743778225596,0.0,0.0,0.0,0.0,1.0
1.1292128373976515,-0.4540207916866527,2.318134791135752,1.9593921700966785,2.5881550324700773,3.922522092079826,3.4819540032315803,1.1292128373976518,2.2477333690319377,2.608074634898399,2.877411033489726,-0.3793110229900811,3.0233081649326436,1.535454950288967,2.2477333690319377,3.1040480638758132,-0.27057743778225596,0.0,0.0,0.0,0.0,1.0
0.6152489102453967,0.5054193718775944,2.2923053488389176,2.5553608538540193,2.1379525646399937,2.0985586392136546,1.8279776963305012,0.6152489102453969,1.511525571228012,2.0707319952388716,2.1882488849120962,4.797905250179518,-0.7688495608960341,1.535454950288967,1.5115255712280122,1.17163960317664,4.4080387495544375,0.0,0.0,1.0,0.0,0.0
1.2026362555622592,0.7110136926413617,3.1317622234860325,2.6637187963553544,2.276014654774553,2.3842396619517294,3.33812997654453,1.2026362555622596,1.9284717350328244,2.5491278875192416,2.7461420528082727,-0.3793110229900811,-0.7688495608960341,1.535454950288967,1.9284717350328242,2.6455104630319415,-0.27057743778225596,0.0,0.0,0.0,1.0,0.0
1.0557894192330437,0.29982505111382723,2.124413973909495,1.8510342275953442,2.155960663353197,3.1533808770157776,3.212283953193361,1.055789419233044,2.1119280471069417,2.43215888664955,2.5679912933120144,-0.3793110229900811,2.8093915752705128,1.535454950288967,2.1119280471069417,1.2371449747257646,-0.27057743778225596,0.0,0.0,0.0,0.0,1.0
0.24813181942235754,2.1501739379877325,1.3753601473012997,1.9593921700966785,1.3275881225458435,2.8457243909901586,2.726877863124566,0.24813181942235768,0.9135056448565384,1.6841472315118,1.5975384718455563,-0.3793110229900811,2.7899446125739558,1.535454950288967,0.9135056448565386,0.7786073738818929,-0.27057743778225596,0.0,0.0,0.0,0.0,1.0
1.2026362555622592,0.5054193718775944,3.0801033388923638,2.6095398251046866,2.5821523328990095,1.2634910342869738,1.2167255829105375,1.2026362555622596,1.8927334924209833,2.2717790673515634,2.708636629756429,-0.3793110229900811,2.7899446125739558,1.535454950288967,1.8927334924209835,1.5974245182459492,-0.27057743778225596,0.0,0.0,0.0,0.0,1.0
0.7620957465746123,0.3683564913684163,1.9177784355348202,1.9593921700966785,2.3180335517720274,2.4721415151019066,2.0257357330251953,0.7620957465746125,1.4996128236907316,2.2028783524780278,2.1929370627935767,4.528258569285268,-0.7688495608960341,1.535454950288967,1.4996128236907318,2.088714804864383,4.301706563478603,0.0,0.0,1.0,0.0,0.0
0.3949786557515731,1.1222023341688963,1.3624454261528827,1.7426762850940096,1.8738337835130114,1.3513928874371508,1.2167255829105375,0.39497865575157337,1.3971631948701206,1.6260799978826284,1.6491084285418416,4.339505892659293,-0.7688495608960341,1.4597001183657676,1.3971631948701209,0.6148439450090817,5.152364052085274,0.0,0.0,1.0,0.0,0.0
1.2026362555622592,0.5054193718775944,2.305220069987335,1.8510342275953442,2.161963362924265,1.922754932913301,1.6481976629716883,1.2026362555622596,1.8379348537494937,2.36718907267107,2.3523351107639128,-0.3793110229900811,-0.7688495608960341,1.535454950288967,1.837934853749494,2.023209433315259,-0.27057743778225596,0.0,0.0,0.0,1.0,0.0
-1.0734897075405836,-0.24842647092288545,-0.12274750591508989,1.6343183425926748,0.05501581347947398,0.03286509018449697,-0.005778643929390378,-1.0734897075405836,-0.38260128719956393,0.2969273851958334,-0.052700142435570634,-0.3793110229900811,-0.7688495608960341,1.535454950288967,-0.3826012871995638,0.9751234885292664,-0.27057743778225596,0.0,0.0,0.0,1.0,0.0
0.83551916473922,0.16276217060464906,1.6336545702696428,1.52596040009134,1.9698769766500959,2.494116978389451,2.4212518064145843,0.8355191647392204,1.1303176500350407,1.7656939645580458,1.9257109235491896,-0.3793110229900811,2.4010053586428093,1.535454950288967,1.130317650035041,1.3354030320494512,-0.27057743778225596,0.0,0.0,0.0,0.0,1.0
1.1292128373976515,0.5739508121321836,2.305220069987335,1.9052131988460115,2.438087543193383,2.823748927702614,2.619009843109278,1.1292128373976518,1.5663242098995016,1.825360640345199,2.22575430796394,-0.3793110229900811,2.4010053586428093,1.4773175211386045,1.5663242098995018,1.4991664609222626,-0.27057743778225596,0.0,0.0,0.0,0.0,1.0
0.027861564928533887,-0.3854893514320636,0.9233449071066995,1.6343183425926748,1.0454612427056578,0.7800308419610007,0.6773854828340987,0.02786156492853415,0.44652594139514856,0.6084644270655469,0.9974517030160557,-0.3793110229900811,2.264876619766908,1.535454950288967,0.4465259413951486,0.8441127454310174,-0.27057743778225596,0.0,0.0,0.0,0.0,1.0
0.10128498309314166,-0.24842647092288545,0.8458565802161965,1.4176024575900052,1.3035773242615725,1.5052211304499605,1.1807695762387749,0.10128498309314199,0.9563915359907477,0.9092696353425627,1.0537098375938214,-0.3793110229900811,-0.7688495608960341,1.535454950288967,0.9563915359907477,0.7786073738818929,-0.27057743778225596,0.0,0.0,0.0,1.0,0.0
1.1292128373976515,1.670453856205609,1.891948993237986,1.52596040009134,2.1139417663557225,2.4062151252392736,2.4931638197581094,1.1292128373976518,1.8546127003016861,2.155341978577331,2.0710444378750843,-0.3793110229900811,2.2454296570703507,1.535454950288967,1.8546127003016861,1.793940632893323,-0.27057743778225596,0.0,0.0,0.0,0.0,1.0
0.83551916473922,0.43688793162300543,2.059840368167409,2.013571141347346,1.5977096032438936,1.7030003000378584,2.133603753040483,0.8355191647392204,1.5639416603920455,2.6787685413931186,1.752248341934412,-0.3793110229900811,2.2259826943737937,1.535454950288967,1.5639416603920457,3.2350588069740622,-0.27057743778225596,0.0,0.0,0.0,0.0,1.0
1.2026362555622592,2.0816424977331436,2.4472820026199233,2.013571141347346,1.9038472813683505,1.5931229836001373,1.738087679651095,1.2026362555622596,1.816491908182389,2.3070402274023123,2.038227192704721,3.665389190423668,-0.7688495608960341,1.535454950288967,1.8164919081823894,1.4664137751477002,7.279007773601952,0.0,0.0,1.0,0.0,0.0
1.2026362555622592,0.43688793162300543,1.8273753874959002,1.4176024575900052,1.723766294236317,1.9886813227759335,1.7740436863228575,1.2026362555622596,2.0261562648385234,1.6742706450545393,2.0241626590602797,3.6384245223342435,-0.7688495608960341,1.535454950288967,2.026156264838523,1.793940632893323,4.195374377402769,0.0,0.0,1.0,0.0,0.0
0.7620957465746123,0.23129361085923816,1.5949104068243913,1.5801393713420075,1.777790590375927,0.9558345482613546,0.8571655161929116,0.7620957465746125,1.4495792840341541,0.9904348918989698,1.5600330487937126,3.5844951861553933,-0.7688495608960341,1.469667859408294,1.4495792840341544,1.3681557178240136,0.04841912044524581,0.0,0.0,1.0,0.0,0.0
0.17470840125774942,0.6424822523867727,0.9233449071066995,1.4176024575900052,0.8833883542868277,1.9886813227759335,2.187537763048127,0.17470840125774983,0.9111230953490823,1.337346890601124,1.0068280587790166,3.5844951861553933,-0.7688495608960341,1.535454950288967,0.9111230953490825,2.678263148806504,1.7497340976585887,0.0,0.0,1.0,0.0,0.0
0.5418254920807886,-0.042832150159118176,1.2591276569655454,1.4176024575900052,1.8078040882312658,0.8899081583987218,0.7492974961776239,0.541825492080789,1.2828008185122293,1.0439403533220686,1.306871443193767,-0.3793110229900811,2.0315130674082207,1.464028965904236,1.2828008185122293,2.023209433315259,-0.27057743778225596,0.0,0.0,0.0,0.0,1.0
0.83551916473922,-0.5225522319412418,1.246212935817128,1.1467076013366686,1.447642113967199,1.2195401077118853,0.9830115395440806,0.8355191647392204,1.5615591108845894,1.3574352228579163,1.5412803372677906,-0.3793110229900811,1.9926191420151054,1.535454950288967,1.5615591108845897,1.0078761743038287,-0.27057743778225596,0.0,0.0,0.0,0.0,1.0
0.83551916473922,0.23129361085923816,1.1945540512234596,1.0925286300860015,1.6217204015281648,2.889675317565247,3.032503919834548,0.8355191647392204,1.4996128236907316,1.4742945729165704,1.5225276257418687,-0.3793110229900811,1.9731721793185484,1.4713547078924136,1.4996128236907318,2.023209433315259,-0.27057743778225596,0.0,0.0,0.0,0.0,1.0
-0.4126789440591131,-0.3854893514320636,0.23886468624059037,1.0925286300860015,0.5352317791648965,0.6262025989481912,0.5695174628188109,-0.41267894405911293,0.23209648572410224,0.34872390138097875,0.38798857842359397,-0.3793110229900811,-0.7688495608960341,1.535454950288967,0.23209648572410232,-0.007457084707601161,-0.27057743778225596,0.0,0.0,0.0,1.0,0.0
0.24813181942235754,1.5333909756964308,0.8846007436614479,1.2550655438380034,0.7153127662969299,0.6701535255232796,0.7313194928417426,0.24813181942235768,0.632364802976722,1.007744911381425,0.9271290347938486,-0.3793110229900811,1.8759373658357619,1.535454950288967,0.6323648029767222,0.9423708027547042,-0.27057743778225596,0.0,0.0,0.0,0.0,1.0
1.2026362555622592,0.23129361085923816,2.150243416206329,1.688497313843342,2.3600524487695016,0.12076694333467389,0.04815536607825349,1.2026362555622596,1.6568610911828323,2.032973873483561,1.752248341934412,-0.3793110229900811,1.8759373658357619,1.535454950288967,1.6568610911828325,2.1214674906389455,-0.27057743778225596,0.0,0.0,0.0,0.0,1.0
0.9089425829038278,2.492831139260678,1.8273753874959002,1.688497313843342,1.4116259165407925,1.2415155709994297,1.4863956329487567,0.9089425829038282,1.2804182690047732,1.5031621303075884,1.4897103805715055,3.2878838371717185,-0.7688495608960341,1.4729572139523275,1.2804182690047734,1.9904567475406965,2.387727214113592,0.0,0.0,1.0,0.0,0.0
-0.7797960348821522,0.16276217060464906,0.122632195904836,1.5801393713420075,-0.16708407065003392,-0.16491407940340108,-0.23949268729584716,-0.7797960348821521,-0.29682950493114535,0.11969609628870041,0.01293434790515601,-0.3793110229900811,1.8370434404426474,0.8001874639755617,-0.29682950493114524,-0.007457084707601161,-0.27057743778225596,0.0,0.0,0.0,0.0,1.0
1.2026362555622592,-0.24842647092288545,1.8144606663474832,1.3634234863393382,1.6097150023860292,2.164485029076287,2.2594497763916523,1.2026362555622596,1.478169878123627,1.6796428709996942,1.6819256737122048,3.2069898329034436,-0.7688495608960341,1.535454950288967,1.4781698781236274,1.957704061766134,2.919388144492762,0.0,0.0,1.0,0.0,0.0
0.46840207391618083,0.916608013405129,1.0395773974424538,1.2550655438380034,1.069472040989929,0.8899081583987218,0.7672754995135052,0.4684020739161812,0.9659217340205719,0.9331759660372756,1.03964530394938,-0.3793110229900811,-0.7688495608960341,1.535454950288967,0.9659217340205721,1.564671832471387,-0.27057743778225596,0.0,0.0,0.0,1.0,0.0
1.2026362555622592,1.738985296460198,1.8532048297927346,1.4176024575900052,1.4416394143961313,1.373368350724695,1.4684176296128755,1.2026362555622596,1.44004908600433,1.7778868884472585,1.5881621160825954,-0.3793110229900811,1.720361664263303,1.535454950288967,1.4400490860043298,0.9096181169801419,-0.27057743778225596,0.0,0.0,0.0,0.0,1.0
1.2026362555622592,2.492831139260678,1.5819956856759743,1.1467076013366686,1.4416394143961313,0.8679326951111777,0.8931215228646742,1.2026362555622596,1.6306530466008156,1.5821289223235573,1.574097582438154,-0.3793110229900811,1.720361664263303,1.535454950288967,1.6306530466008158,0.9096181169801419,-0.27057743778225596,0.0,0.0,0.0,0.0,1.0
-0.11898527140068164,0.29982505111382723,0.6521357629899392,1.4176024575900052,0.493212882167422,0.010889626896952742,0.13804538275765996,-0.11898527140068153,0.32739846602234507,0.25792117446938256,0.4911284918161644,3.0452018243668935,-0.7688495608960341,0.4778009507458376,0.32739846602234524,-0.7280161717479707,1.6434019115827545,0.0,0.0,1.0,0.0,0.0
0.7620957465746123,2.218705378242322,1.4141043107465512,1.3634234863393382,1.3455962212590469,1.2634910342869738,1.7201096763152135,0.7620957465746125,0.7371969813047892,1.088979119808248,1.1990433519197161,3.0452018243668935,-0.7688495608960341,1.009158223243582,0.7371969813047893,1.826693318667885,0.8990766090519173,0.0,0.0,1.0,0.0,0.0
1.2026362555622592,1.1222023341688963,0.8716860225130308,0.4965599463286609,1.1895260324112846,2.7797980011275256,2.4931638197581094,1.2026362555622596,1.7331026754214265,2.025899132398758,1.4053231787048568,-0.3793110229900811,1.5453389999942873,1.535454950288967,1.733102675421427,1.8921986902170096,-0.27057743778225596,0.0,0.0,0.0,0.0,1.0
-0.11898527140068164,-0.4540207916866527,0.22594996509217322,0.7132758313313302,0.301126495893253,0.5383007457980142,0.5335614561470483,-0.11898527140068153,0.3226333670074329,0.3918508382888141,0.3645476890161916,-0.3793110229900811,1.5064450746011726,1.3431542230993072,0.32263336700743295,0.4183278303617082,-0.27057743778225596,0.0,0.0,0.0,0.0,1.0
1.2026362555622592,0.7110136926413617,1.5045073587854711,1.0925286300860015,1.693752796380978,0.5383007457980142,0.44367143946764187,1.2026362555622596,1.9689750766595775,1.476182865261259,1.3350005104826497,-0.3793110229900811,1.4869981119046152,1.535454950288967,1.9689750766595777,1.564671832471387,-0.27057743778225596,0.0,0.0,0.0,0.0,1.0
1.2026362555622592,0.9851394536597181,1.5303368010823055,1.0925286300860015,1.0514639422767256,1.197564644424341,1.4684176296128755,1.2026362555622596,1.1803511896916183,1.3079874202121147,1.288118731667845,-0.3793110229900811,1.4481041865115007,1.535454950288967,1.1803511896916183,1.5974245182459492,-0.27057743778225596,0.0,0.0,0.0,0.0,1.0
0.6152489102453967,-0.5225522319412418,0.8458565802161965,0.8758127450833321,1.0514639422767256,0.23064425977239503,0.2099573961011851,0.6152489102453969,0.9730693825429401,0.6322010263926461,0.852118188690161,-0.3793110229900811,-0.7688495608960341,1.3271291625001687,0.9730693825429402,0.5493385734599572,-0.27057743778225596,1.0,0.0,0.0,0.0,0.0
0.027861564928533887,-0.11136359041370726,0.3421824554279276,0.7674548025819975,0.5172236804516931,0.7360799153859123,0.821209509521149,0.02786156492853415,0.5203849761262868,0.7611068327530957,0.41611764571247684,-0.3793110229900811,1.4092102611183859,1.35688998932714,0.520384976126287,0.8441127454310174,-0.27057743778225596,0.0,0.0,0.0,0.0,1.0
1.2026362555622592,1.1907337744234854,1.1299804454813738,0.7132758313313302,1.1895260324112846,1.1536137178492527,0.9650335362081993,1.2026362555622596,1.914176437988088,1.5473065236284698,1.2553014864974816,-0.3793110229900811,1.4092102611183859,1.535454950288967,1.9141764379880881,2.9075319492284395,-0.27057743778225596,0.0,0.0,0.0,0.0,1.0
1.2026362555622592,0.025699290095470905,1.0912362820361223,0.7132758313313302,1.4416394143961313,0.4284234293602931,0.3717594261241167,1.2026362555622596,1.6211228485709912,0.9658695436928166,1.2459251307345207,-0.3793110229900811,1.4092102611183859,0.4559485953833765,1.6211228485709914,0.5493385734599572,-0.27057743778225596,0.0,0.0,0.0,0.0,1.0
-1.4406067983636226,-0.6596151124504199,-0.6651657941486102,0.7132758313313302,-0.7553486286146764,-0.4725705654290203,-0.545118744005829,-1.4406067983636226,-0.9710910155412132,-0.59657905131877,-0.6434105555021105,-0.3793110229900811,1.3703163357252715,-0.651965821493414,-0.9710910155412131,-0.9572849721699066,-0.27057743778225596,0.0,0.0,0.0,0.0,1.0
-1.4406067983636226,-0.6596151124504199,-0.6651657941486102,0.7132758313313302,-0.7553486286146764,-0.4725705654290203,-0.545118744005829,-1.4406067983636226,-0.9710910155412132,-0.59657905131877,-0.6434105555021105,-0.3793110229900811,1.3703163357252715,-0.651965821493414,-0.9710910155412131,-0.9572849721699066,-0.27057743778225596,0.0,0.0,0.0,0.0,1.0
-1.5140302165282307,-0.5910836721958309,-0.6780805152970274,0.8758127450833321,-0.7253351307593375,-0.6263988084418299,-0.6709647673569982,-1.5140302165282304,-0.8900843322877069,-0.5207802989339034,-0.7090450458428371,-0.3793110229900811,1.292528484939042,1.535454950288967,-0.8900843322877067,-0.629758114424284,-0.27057743778225596,0.0,0.0,0.0,0.0,1.0
-0.6329491985529365,-0.4540207916866527,-0.18732111165717563,0.5507389175793282,-0.22110836678964396,-0.252815932553578,-0.3293827039752536,-0.6329491985529364,-0.2730040098565847,-0.1699785507762172,-0.12302281065777776,-0.3793110229900811,-0.7688495608960341,0.3512873144368509,-0.27300400985658463,-0.36773662822778597,-0.27057743778225596,0.0,1.0,0.0,0.0,0.0
-0.19240868956528942,-0.4540207916866527,0.290523570834259,0.9299917163339997,0.18707520404296515,-0.07701222625322417,-0.1496026706164407,-0.19240868956528936,0.23924413424647045,0.20829433820209456,0.15826786223105072,-0.3793110229900811,-0.7688495608960341,0.5354911689027356,0.23924413424647054,0.3528224588125836,-0.27057743778225596,0.0,0.0,0.0,1.0,0.0
1.2026362555622592,-0.11136359041370726,1.1170657243329567,0.7132758313313302,1.399620517398657,0.07681601675958542,-0.005778643929390378,1.2026362555622596,1.3375994571837189,0.985044742587408,1.0771507270012237,-0.3793110229900811,1.2341875968493703,0.3991324714409768,1.3375994571837189,1.040628860078391,-0.27057743778225596,0.0,0.0,0.0,0.0,1.0
0.9823660010684355,0.23129361085923816,0.8975154648098651,0.659096860080663,0.9734288478528444,0.45039889264783733,0.33580341945235415,0.9823660010684361,1.4924651751683635,1.212290649370857,0.8849354338605243,-0.3793110229900811,1.1952936714562554,1.535454950288967,1.4924651751683635,1.3354030320494512,-0.27057743778225596,0.0,0.0,0.0,0.0,1.0
-0.2658321077298975,-0.6596151124504199,0.0968027536080017,0.659096860080663,0.16906710532976182,0.07681601675958542,0.08411137275001608,-0.26583210772989724,0.2535394312912069,0.14936172727814082,0.07856883824588265,-0.3793110229900811,1.1952936714562554,1.2229662686057696,0.253539431291207,-0.10571514203128793,-0.27057743778225596,0.0,0.0,0.0,0.0,1.0
-0.2658321077298975,-0.6596151124504199,0.0968027536080017,0.659096860080663,0.16906710532976182,0.07681601675958542,0.08411137275001608,-0.26583210772989724,0.2535394312912069,0.14936172727814082,0.07856883824588265,-0.3793110229900811,1.1952936714562554,1.2229662686057696,0.253539431291207,-0.10571514203128793,-0.27057743778225596,0.0,0.0,0.0,0.0,1.0
-0.2658321077298975,-0.6596151124504199,0.0968027536080017,0.659096860080663,0.16906710532976182,0.07681601675958542,0.08411137275001608,-0.26583210772989724,0.2535394312912069,0.14936172727814082,0.07856883824588265,-0.3793110229900811,1.1952936714562554,1.2229662686057696,0.253539431291207,-0.10571514203128793,-0.27057743778225596,0.0,0.0,0.0,0.0,1.0
0.3949786557515731,-0.11136359041370726,0.30343829198267613,0.3882020038273264,0.4211804873146086,0.7800308419610007,0.641429476162336,0.39497865575157337,0.5084722285890064,0.4217274650876402,0.46768760240876206,-0.3793110229900811,1.1369527833665836,-0.6614351754838138,0.5084722285890066,-0.2694785709040992,-0.27057743778225596,0.0,0.0,0.0,0.0,1.0
0.3949786557515731,-0.11136359041370726,0.30343829198267613,0.3882020038273264,0.4211804873146086,0.7800308419610007,0.641429476162336,0.39497865575157337,0.5084722285890064,0.4217274650876402,0.46768760240876206,-0.3793110229900811,1.1369527833665836,-0.6614351754838138,0.5084722285890066,-0.2694785709040992,-0.27057743778225596,0.0,0.0,0.0,0.0,1.0
-0.5595257803883288,-0.5225522319412418,-0.2002358328055928,0.44238097507799357,-0.19709756850537283,0.010889626896952742,0.012199359406490912,-0.5595257803883286,-0.09431279679737939,0.05552724465033663,-0.1370873443022192,-0.3793110229900811,1.1369527833665836,0.6604866415760147,-0.09431279679737929,0.32006977303802137,-0.27057743778225596,0.0,0.0,0.0,0.0,1.0
-0.5595257803883288,-0.5225522319412418,-0.2002358328055928,0.44238097507799357,-0.19709756850537283,0.010889626896952742,0.012199359406490912,-0.5595257803883286,-0.09431279679737939,0.05552724465033663,-0.1370873443022192,-0.3793110229900811,-0.7688495608960341,0.6604866415760147,-0.09431279679737929,0.32006977303802137,-0.27057743778225596,0.0,1.0,0.0,0.0,0.0
0.83551916473922,2.492831139260678,0.9620890705519509,0.8216337738326649,0.685299268441591,0.5602762090855584,0.6234514728264547,0.8355191647392204,0.5847138128276006,0.643974332767727,0.7349137416531492,-0.3793110229900811,1.1369527833665836,0.638051556737221,0.5847138128276009,0.7458546881073307,-0.27057743778225596,0.0,0.0,0.0,0.0,1.0
0.24813181942235754,0.16276217060464906,0.32926773427951045,0.5507389175793282,0.5412344787359642,0.5822516723731027,0.5695174628188109,0.24813181942235768,0.2749823768583115,0.27241359737520005,0.3645476890161916,-0.3793110229900811,1.1369527833665836,0.1645368629046176,0.2749823768583117,0.7458546881073307,-0.27057743778225596,0.0,0.0,0.0,0.0,1.0
1.0557894192330437,4.754368667662118,1.0137479551456194,0.7132758313313302,0.8593775560025566,-0.18688954269094532,0.263891406108829,1.055789419233044,1.309008863094246,1.028418486774375,0.8380536550457196,-0.3793110229900811,1.0980588579734687,1.535454950288967,1.309008863094246,0.9423708027547042,-0.27057743778225596,0.0,0.0,0.0,0.0,1.0
-0.48610236222372083,0.09423073035006,-0.18732111165717563,0.3882020038273264,-0.2031002680764406,-0.538496955291653,-0.6170307573493543,-0.4861023622237208,-0.18723222758816613,-0.1702643457342699,-0.14177552218369965,2.1284031093264435,-0.7688495608960341,0.3450218772101203,-0.18723222758816607,-0.5315000571005972,1.7497340976585887,0.0,0.0,1.0,0.0,0.0
1.1292128373976515,-0.24842647092288545,0.6133915995446878,0.27984406132599166,0.8893910538578955,0.14274240662221813,0.06613336941413478,1.1292128373976518,1.1017270559455679,0.6595934027703229,0.7724191647049929,-0.3793110229900811,1.0008240444906822,0.19829407983063443,1.1017270559455679,1.0078761743038287,-0.27057743778225596,0.0,0.0,0.0,0.0,1.0
1.2026362555622592,-0.11136359041370726,0.8975154648098651,0.4965599463286609,0.7213154658679977,0.25261972305993924,0.29984741278059157,1.2026362555622596,0.6395124514990903,0.8348248725199432,0.8146127656383172,-0.3793110229900811,1.0008240444906822,-0.9644545031766112,0.6395124514990905,0.5820912592345194,-0.27057743778225596,0.0,0.0,0.0,0.0,1.0
1.2026362555622592,0.025699290095470905,0.6133915995446878,0.2256650900753243,0.9073991525710989,0.2745951863474835,0.15602338609354124,1.2026362555622596,1.2303847293481958,0.5800624965100726,0.8005482319938758,-0.3793110229900811,0.981377081794125,0.9104775869225724,1.2303847293481958,1.1388869174020777,-0.27057743778225596,0.0,0.0,0.0,0.0,1.0
0.7620957465746123,-0.728146552705009,0.31635301313109326,0.17148611882465692,0.6372776718730487,0.6921289888108239,0.7492974961776239,0.7620957465746125,0.7205191347525967,0.45327892644750956,0.5239457369865278,-0.3793110229900811,0.9619301190975676,1.1407324050049281,0.7205191347525967,1.0733815458529532,-0.27057743778225596,0.0,0.0,0.0,0.0,1.0
1.0557894192330437,1.8760481769693762,0.7812829744741108,0.4965599463286609,0.9734288478528444,0.09879148004712966,0.15602338609354124,1.055789419233044,1.2685055214674927,0.6102838824736142,0.6833437849568639,1.9935797688793186,-0.7688495608960341,0.5235868381719472,1.2685055214674932,0.8441127454310174,0.4737478647485815,0.0,0.0,1.0,0.0,0.0
0.6886723284100045,0.23129361085923816,0.3421824554279276,0.2256650900753243,0.2050833027561685,0.31854611292257196,0.2099573961011851,0.6886723284100047,1.1350827490499529,0.4306082019334115,0.44893489088284017,-0.3793110229900811,-0.7688495608960341,1.535454950288967,1.135082749049953,0.2873170872634591,-0.27057743778225596,0.0,0.0,0.0,1.0,0.0
1.2026362555622592,0.5739508121321836,0.7425388110288593,0.3882020038273264,0.6792965688705233,0.2086687964848508,0.15602338609354124,1.2026362555622596,1.3280692591538945,1.0138601901996358,0.7255373858901881,1.9396504327004684,-0.7688495608960341,0.001419603844180328,1.3280692591538947,0.4510805161362704,4.833367493857772,0.0,0.0,1.0,0.0,0.0
0.17470840125774942,-0.5225522319412418,0.0063997055690816354,0.1173071475739898,-0.07104087751294942,0.0548405534720412,-0.04173465060115296,0.17470840125774983,0.45605613942497286,0.07858240033102432,0.14889150646808977,-0.3793110229900811,0.9035892310078956,0.11883959332513937,0.45605613942497314,-0.07296245625672568,-0.27057743778225596,0.0,0.0,0.0,0.0,1.0
1.1292128373976515,1.9445796172239653,0.975003791700368,0.659096860080663,0.8413694572893533,0.23064425977239503,0.5515394594829296,1.1292128373976518,0.8134385655433835,0.6957359526268502,0.6505265397865005,-0.3793110229900811,0.8841422683113384,-0.09239306592117695,0.8134385655433835,0.6475966307836439,-0.27057743778225596,0.0,0.0,0.0,0.0,1.0
0.6886723284100045,2.218705378242322,0.40675606117001334,0.33402303257665905,0.16906710532976182,0.8459572318236335,1.0908795595593683,0.6886723284100047,0.5608883177530399,0.3928126193621801,0.3739240447791526,1.8317917603427682,-0.7688495608960341,0.45441302446601417,0.5608883177530403,0.12355365839064786,1.9623984698102566,0.0,0.0,1.0,0.0,0.0
0.6152489102453967,0.3683564913684163,0.2646941285374247,0.17148611882465692,0.18707520404296515,0.03286509018449697,0.06613336941413478,0.6152489102453969,0.5108547780964625,0.17455474307906702,0.30828955443842593,-0.3793110229900811,0.806354417525109,-0.33947713981021665,0.5108547780964625,-0.07296245625672568,-0.27057743778225596,0.0,0.0,0.0,0.0,1.0
1.2026362555622592,5.850871711735543,0.7683682533256936,0.3882020038273264,0.5952587748755743,0.3844725027852046,0.5874954661546922,1.2026362555622596,1.5210557692578364,0.9474695189374895,0.5989565830902154,-0.3793110229900811,-0.7688495608960341,1.535454950288967,1.5210557692578364,0.2218117157143346,-0.27057743778225596,1.0,0.0,0.0,0.0,0.0
-1.88114730735127,-0.728146552705009,-0.9880338228590391,0.008949205072655049,-1.073491705881269,-0.7582515881670953,-0.7968107907081672,-1.8811473073512697,-1.3117955951074314,-0.5745487109699892,-0.9809593629687047,-0.3793110229900811,0.7869074548285517,-0.9644545031766112,-1.3117955951074312,-1.15380108681728,-0.27057743778225596,0.0,0.0,0.0,0.0,1.0
0.9089425829038278,-0.4540207916866527,0.6521357629899392,0.44238097507799357,0.12104550876121957,0.3624970394976604,0.947055532872318,0.9089425829038282,0.6442775505140024,0.897669722148947,0.4442467130013597,-0.3793110229900811,-0.7688495608960341,-0.21448166713693778,0.6442775505140025,0.7131020023327684,-0.27057743778225596,0.0,1.0,0.0,0.0,0.0
1.0557894192330437,1.1907337744234854,0.8200271379193622,0.5507389175793282,0.4571966847410153,-0.23084046926603377,0.012199359406490912,1.055789419233044,0.08437841626182588,0.4291815010953048,0.4583112466458011,1.6969684198956438,-0.7688495608960341,-0.9644545031766112,0.08437841626182603,0.3855751445871459,1.7497340976585887,0.0,0.0,1.0,0.0,0.0
0.9823660010684355,-0.5225522319412418,0.41967078231843047,0.17148611882465692,0.4692020838831509,-0.03306129967813572,-0.16758067395232198,0.9823660010684361,0.7538748278569817,0.4714483618384944,0.4208058235939573,-0.3793110229900811,-0.7688495608960341,1.4744815489849283,0.7538748278569819,0.6148439450090817,-0.27057743778225596,1.0,0.0,0.0,0.0,0.0
0.9823660010684355,0.5054193718775944,0.3938413400215962,0.1173071475739898,0.6732938692994554,0.714104452098368,0.8032315061852677,0.9823660010684361,0.5013245800666382,0.4511805237122292,0.41611764571247684,1.6969684198956438,-0.7688495608960341,0.43793372681627424,0.5013245800666383,0.2873170872634591,0.4737478647485815,0.0,0.0,1.0,0.0,0.0
1.276059673726867,1.2592652146780745,0.6779652052867735,0.27984406132599166,0.48120748302528643,0.5822516723731027,1.0369455495517246,1.2760596737268675,0.9325660409161869,0.5301532871228087,0.5473866263939301,1.6700037518062185,-0.7688495608960341,1.3132407766475822,0.932566040916187,0.4838332019108327,1.7497340976585887,0.0,0.0,1.0,0.0,0.0
0.9089425829038278,0.5054193718775944,0.3938413400215962,0.17148611882465692,0.3731588907460664,0.49434981922292576,0.5874954661546922,0.9089425829038282,0.7562573773644378,0.6202207987875462,0.35985951113471115,-0.3793110229900811,0.7091196040423223,0.2855002235561779,0.756257377364438,1.662929889795074,-0.27057743778225596,0.0,0.0,0.0,0.0,1.0
0.027861564928533887,-0.3169579111774745,-0.058173900173004126,0.17148611882465692,-0.053032778799746084,-0.0989876895407684,-0.05971265393703425,0.02786156492853415,-0.1181382918719401,-0.16008602352405354,-0.06676467608001206,-0.3793110229900811,0.6896726413457651,-0.8751720226956977,-0.11813829187193993,-0.36773662822778597,-0.27057743778225596,0.0,0.0,0.0,0.0,1.0
0.7620957465746123,-0.24842647092288545,0.31635301313109326,0.17148611882465692,0.5832533757334387,0.03286509018449697,0.08411137275001608,0.7620957465746125,0.258304530306119,0.19676389268545183,0.28016048714954306,1.6430390837167936,-0.7688495608960341,-0.43815777613122636,0.2583045303061191,0.05804828684152335,-0.164245251706422,0.0,0.0,1.0,0.0,0.0
0.17470840125774942,-0.3169579111774745,0.019314426717498785,0.17148611882465692,-0.053032778799746084,-0.38466871227884336,-0.45522872732642267,0.17470840125774983,0.3416937630670815,-0.10008905289068466,-0.005818363620765889,1.6430390837167936,-0.7688495608960341,0.4521608537872164,0.3416937630670815,-0.17122051358041243,0.7927444229760833,0.0,0.0,1.0,0.0,0.0
-1.293759962034407,-0.6596151124504199,-0.7039099575938618,0.1173071475739898,-0.7313378303304053,-0.5824478818667415,-0.5630967473417103,-1.293759962034407,-0.9472655204666526,-0.5693730770660371,-0.7090450458428371,-0.3793110229900811,0.6702256786492079,-0.9644545031766112,-0.9472655204666526,-0.8262742290716575,-0.27057743778225596,0.0,0.0,0.0,0.0,1.0
-1.293759962034407,-0.6596151124504199,-0.7039099575938618,0.1173071475739898,-0.7313378303304053,-0.5824478818667415,-0.5630967473417103,-1.293759962034407,-0.9472655204666526,-0.5693730770660371,-0.7090450458428371,-0.3793110229900811,0.6702256786492079,-0.9644545031766112,-0.9472655204666526,-0.8262742290716575,-0.27057743778225596,0.0,0.0,0.0,0.0,1.0
-1.293759962034407,-0.6596151124504199,-0.7039099575938618,0.1173071475739898,-0.7313378303304053,-0.5824478818667415,-0.5630967473417103,-1.293759962034407,-0.9472655204666526,-0.5693730770660371,-0.7090450458428371,-0.3793110229900811,-0.7688495608960341,-0.9644545031766112,-0.9472655204666526,-0.8262742290716575,-0.27057743778225596,0.0,1.0,0.0,0.0,0.0
-1.293759962034407,-0.6596151124504199,-0.7039099575938618,0.1173071475739898,-0.7313378303304053,-0.5824478818667415,-0.5630967473417103,-1.293759962034407,-0.9472655204666526,-0.5693730770660371,-0.7090450458428371,-0.3793110229900811,-0.7688495608960341,-0.9644545031766112,-0.9472655204666526,-0.8262742290716575,-0.27057743778225596,0.0,1.0,0.0,0.0,0.0
0.83551916473922,0.84807657315054,0.5617327149510192,0.3882020038273264,0.3731588907460664,-0.29676685912866646,-0.25747069063172845,0.8355191647392204,0.8587070061850487,0.39065013866983944,0.2942250207939845,-0.3793110229900811,-0.7688495608960341,1.4713547078924136,0.8587070061850489,0.7131020023327684,-0.27057743778225596,1.0,0.0,0.0,0.0,0.0
1.1292128373976515,-0.5225522319412418,0.48424438806051623,0.17148611882465692,0.5712479765913031,-0.05503676296567994,-0.04173465060115296,1.1292128373976518,1.3280692591538945,0.539053227919631,0.43018217935691827,-0.3793110229900811,-0.7688495608960341,1.535454950288967,1.3280692591538947,1.5319191466968247,-0.27057743778225596,1.0,0.0,0.0,0.0,0.0
-0.11898527140068164,0.7110136926413617,-0.12274750591508989,0.17148611882465692,-0.21510566721857616,-0.07701222625322417,0.04815536607825349,-0.11898527140068153,-0.21582282167763897,-0.16492987801026804,-0.16521641159110204,-0.3793110229900811,0.6507787159526505,-0.19525159441797174,-0.2158228216776388,-0.49874737132603497,-0.27057743778225596,0.0,0.0,0.0,0.0,1.0
0.027861564928533887,0.7795451328959508,0.04514386901433309,0.27984406132599166,0.006994216910931729,-0.38466871227884336,-0.27544869396760974,0.02786156492853415,0.07008311921708946,-0.0835178248245506,-0.09958192125037538,-0.3793110229900811,0.6507787159526505,0.4640651845180048,0.07008311921708958,0.3855751445871459,-0.27057743778225596,0.0,0.0,0.0,0.0,1.0
0.027861564928533887,0.7795451328959508,0.04514386901433309,0.27984406132599166,0.006994216910931729,-0.38466871227884336,-0.27544869396760974,0.02786156492853415,0.07008311921708946,-0.0835178248245506,-0.09958192125037538,-0.3793110229900811,-0.7688495608960341,0.4640651845180048,0.07008311921708958,0.3855751445871459,-0.27057743778225596,0.0,1.0,0.0,0.0,0.0
0.027861564928533887,0.7795451328959508,0.04514386901433309,0.27984406132599166,0.006994216910931729,-0.38466871227884336,-0.27544869396760974,0.02786156492853415,0.07008311921708946,-0.0835178248245506,-0.09958192125037538,-0.3793110229900811,-0.7688495608960341,0.4640651845180048,0.07008311921708958,0.3855751445871459,-0.27057743778225596,0.0,1.0,0.0,0.0,0.0
0.6886723284100045,-0.5225522319412418,0.058058590162750244,-0.0994087374286797,0.2110860023272363,0.9558345482613546,0.8751435195287929,0.6886723284100047,0.1725327480377005,0.22647119835573548,0.200461463164375,-0.3793110229900811,-0.7688495608960341,-0.5590637809930039,0.17253274803770055,0.6803493165582062,-0.27057743778225596,0.0,0.0,0.0,1.0,0.0
1.2026362555622592,-0.24842647092288545,0.4713296669120991,0.1173071475739898,0.6732938692994554,-0.29676685912866646,-0.25747069063172845,1.2026362555622596,1.4877000761534513,0.540121745850541,0.43018217935691827,1.5621450794485188,-0.7688495608960341,0.7400292150953738,1.4877000761534516,0.1563063441652101,2.6003915862652605,0.0,0.0,1.0,0.0,0.0
1.2026362555622592,-0.5910836721958309,0.2776088496858418,-0.0994087374286797,0.6252722727309131,0.2086687964848508,0.2099573961011851,1.2026362555622596,0.9468613379609233,0.1720766512575198,0.42549400147543776,-0.3793110229900811,0.6313317532560931,0.05823572778657992,0.9468613379609234,0.6148439450090817,-0.27057743778225596,0.0,0.0,0.0,0.0,1.0
0.027861564928533887,0.5739508121321836,-0.07108862132142128,0.1173071475739898,-0.0470300792286783,-0.6703497350169183,-0.7069207740287607,0.02786156492853415,0.15108980247059586,-0.14686230673954756,-0.1558400558281411,-0.3793110229900811,0.5729908651664213,1.1783250283653128,0.15108980247059603,-0.2694785709040992,-0.27057743778225596,0.0,0.0,0.0,0.0,1.0
1.2026362555622592,-0.3854893514320636,0.32926773427951045,-0.045229766178012325,0.5292290795938287,0.010889626896952742,0.04815536607825349,1.2026362555622596,0.5060896790815503,0.2635835607472109,0.30828955443842593,-0.3793110229900811,0.5146499770767491,-0.9076383792342118,0.5060896790815506,0.025295601066961094,-0.27057743778225596,0.0,0.0,0.0,0.0,1.0
1.2026362555622592,0.09423073035006,0.2646941285374247,-0.0994087374286797,0.40317238860140525,-0.4725705654290203,-0.45522872732642267,1.2026362555622596,1.578236957436782,0.4534540591144495,0.28016048714954306,-0.3793110229900811,0.4952030143801919,1.535454950288967,1.5782369574367823,-0.10571514203128793,-0.27057743778225596,0.0,0.0,0.0,0.0,1.0
0.46840207391618083,-0.24842647092288545,-0.01942973672775267,-0.045229766178012325,0.006994216910931729,-0.011085836390591486,-0.09566866060879683,0.4684020739161812,-0.06095710369299441,0.03493880851436211,-0.024571075146687788,1.3733924028225435,-0.7688495608960341,-0.00860677096918433,-0.06095710369299429,0.5165858876853949,0.15475130652107977,0.0,0.0,1.0,0.0,0.0
1.2026362555622592,0.09423073035006,0.23886468624059037,-0.0994087374286797,0.3911669894592697,-0.5165214920041088,-0.5630967473417103,1.2026362555622596,0.5680359662754082,0.11127787056010789,0.26140777562362116,-0.3793110229900811,0.4757560516836346,-0.6803738834646137,0.5680359662754083,0.5165858876853949,-0.27057743778225596,0.0,0.0,0.0,0.0,1.0
0.5418254920807886,-0.24842647092288545,-0.03234445787616982,-0.0994087374286797,0.006994216910931729,0.010889626896952742,-0.023756647265271668,0.541825492080789,0.122499208381123,0.023715029020223908,-0.010506541502246364,-0.3793110229900811,0.4757560516836346,-0.10734269055984154,0.12249920838112313,0.05804828684152335,-0.27057743778225596,0.0,0.0,0.0,0.0,1.0
0.5418254920807886,-0.24842647092288545,-0.03234445787616982,-0.0994087374286797,0.006994216910931729,0.010889626896952742,-0.023756647265271668,0.541825492080789,0.122499208381123,0.023715029020223908,-0.010506541502246364,-0.3793110229900811,0.4757560516836346,-0.10734269055984154,0.12249920838112313,0.05804828684152335,-0.27057743778225596,0.0,0.0,0.0,0.0,1.0
0.5418254920807886,-0.24842647092288545,-0.03234445787616982,-0.0994087374286797,0.006994216910931729,0.010889626896952742,-0.023756647265271668,0.541825492080789,0.122499208381123,0.023715029020223908,-0.010506541502246364,-0.3793110229900811,0.4757560516836346,-0.10734269055984154,0.12249920838112313,0.05804828684152335,-0.27057743778225596,0.0,0.0,0.0,0.0,1.0
0.5418254920807886,-0.24842647092288545,-0.03234445787616982,-0.0994087374286797,0.006994216910931729,0.010889626896952742,-0.023756647265271668,0.541825492080789,0.122499208381123,0.023715029020223908,-0.010506541502246364,-0.3793110229900811,-0.7688495608960341,-0.10734269055984154,0.12249920838112313,0.05804828684152335,-0.27057743778225596,0.0,1.0,0.0,0.0,0.0
1.0557894192330437,-0.4540207916866527,0.058058590162750244,-0.2619456511806816,0.4752047834542186,-0.16491407940340108,-0.16758067395232198,1.055789419233044,0.291660223410504,0.04813557553299086,0.16764421799401166,1.2924983985542688,-0.7688495608960341,-0.7263678885608419,0.29166022341050407,-0.07296245625672568,0.36741567867274755,0.0,0.0,1.0,0.0,0.0
0.24813181942235754,-0.11136359041370726,-0.2518947173992614,-0.2619456511806816,-0.2031002680764406,0.07681601675958542,-0.005778643929390378,0.24813181942235768,-0.10860809384211581,-0.13546911507001827,-0.17928094523554344,-0.3793110229900811,-0.7688495608960341,0.003252382035870633,-0.10860809384211575,-0.20397319935497468,-0.27057743778225596,0.0,0.0,0.0,1.0,0.0
0.3949786557515731,-0.3169579111774745,-0.2002358328055928,-0.2619456511806816,-0.04102737965761052,-0.29676685912866646,-0.3293827039752536,0.39497865575157337,0.1463247034556837,-0.3307866462932043,-0.1370873443022192,-0.3793110229900811,0.378521238200848,-0.5856803435606145,0.14632470345568377,-0.5642527428751595,-0.27057743778225596,0.0,0.0,0.0,0.0,1.0
1.1292128373976515,-0.17989503066829635,0.10971747475641885,-0.20776667993001421,0.22909410104043962,0.2086687964848508,0.4077154327958793,1.1292128373976518,1.0564586153039026,0.24912121559578299,0.13951515070512882,-0.3793110229900811,-0.7688495608960341,-0.2668053533722638,1.0564586153039028,1.17163960317664,-0.27057743778225596,0.0,0.0,0.0,1.0,0.0
1.0557894192330437,-0.4540207916866527,0.0968027536080017,-0.20776667993001421,0.1450563070454907,0.07681601675958542,0.012199359406490912,1.055789419233044,0.3488414115894497,-0.08698638195586365,0.09263337189032408,-0.3793110229900811,0.3590742755042906,0.3450218772101203,0.3488414115894499,0.6475966307836439,-0.27057743778225596,0.0,0.0,0.0,0.0,1.0
1.1292128373976515,-0.11136359041370726,0.18720580164692177,-0.15358770867934682,0.18707520404296515,-0.7143006615920068,-0.6709647673569982,1.1292128373976518,0.37028435715655433,0.19768840018277442,0.11607426129772645,1.1846397261965689,-0.7688495608960341,-0.09239306592117695,0.3702843571565544,0.25456440148889686,1.9623984698102566,0.0,0.0,1.0,0.0,0.0
-0.7797960348821522,0.09423073035006,-0.5876774672581073,-0.20776667993001421,-0.7193324311882697,-0.38466871227884336,-0.38331671398289746,-0.7797960348821521,-0.823372946078937,-0.5444284610685833,-0.6105933103317471,-0.3793110229900811,0.3201803501111759,-0.9644545031766112,-0.8233729460789367,-0.6625108001988462,-0.27057743778225596,0.0,0.0,0.0,0.0,1.0
-0.7797960348821522,0.43688793162300543,-0.5747627461096902,-0.15358770867934682,-0.6653081350486597,-0.4945460287165645,-0.45522872732642267,-0.7797960348821521,-0.6184736884377149,-0.5972832915114284,-0.6246578439761885,1.076781053838869,-0.7688495608960341,0.5060804694501995,-0.6184736884377148,-0.6625108001988462,0.5800800508244155,0.0,0.0,1.0,0.0,0.0
0.9823660010684355,-0.24842647092288545,0.019314426717498785,-0.2619456511806816,0.049013113908406195,-0.5165214920041088,-0.545118744005829,0.9823660010684361,0.46558633745479716,0.12252295951635327,-0.019882897265207315,-0.3793110229900811,-0.7688495608960341,0.011119917688004693,0.4655863374547973,0.12355365839064786,-0.27057743778225596,1.0,0.0,0.0,0.0,0.0
0.6152489102453967,0.23129361085923816,-0.16149166936034134,-0.3161246224313489,-0.19709756850537283,0.3624970394976604,0.6594074794982173,0.6152489102453969,-0.07286985123027476,-0.14905271664085679,-0.14646370006518014,1.076781053838869,-0.7688495608960341,-0.9644545031766112,-0.0728698512302746,0.1563063441652101,0.15475130652107977,0.0,0.0,1.0,0.0,0.0
0.46840207391618083,-0.6596151124504199,-0.1485769482119242,-0.20776667993001421,-0.16708407065003392,-0.538496955291653,-0.5630967473417103,0.4684020739161812,0.9492438874683794,0.2585952538698738,-0.19803365676146537,-0.3793110229900811,-0.7688495608960341,1.020767709869583,0.9492438874683796,0.5493385734599572,-0.27057743778225596,0.0,1.0,0.0,0.0,0.0
0.10128498309314166,0.16276217060464906,-0.3810419288834329,-0.3703035936820162,-0.4372055513480841,0.2086687964848508,0.2279353994370664,0.10128498309314199,-0.42786972784122923,-0.1699567765914545,-0.3246144595614382,-0.3793110229900811,0.2812864247180614,-0.9644545031766112,-0.4278697278412291,-0.13846782780585018,-0.27057743778225596,0.0,0.0,0.0,0.0,1.0
0.3215552375869653,-0.3854893514320636,-0.2518947173992614,-0.3161246224313489,-0.137070572794695,-0.4725705654290203,-0.5091627373340665,0.3215552375869655,-0.22297047020000718,-0.3498233280553467,-0.25897996922071154,-0.3793110229900811,0.261839462021504,-0.9644545031766112,-0.22297047020000701,-0.2694785709040992,-0.27057743778225596,0.0,0.0,0.0,0.0,1.0
1.1292128373976515,0.916608013405129,-0.058173900173004126,-0.3703035936820162,0.16906710532976182,-0.3187423224162107,-0.3293827039752536,1.1292128373976518,0.5418279216933913,-0.039127414038577106,-0.019882897265207315,-0.3793110229900811,0.22294553662838928,0.43084379643208354,0.5418279216933916,-0.4004893140023482,-0.27057743778225596,0.0,0.0,0.0,0.0,1.0
-0.926642871211368,-0.728146552705009,-0.7039099575938618,-0.3703035936820162,-0.7913648260410832,-0.7143006615920068,-0.7428767807005233,-0.9266428712113678,-0.7137756687359577,-0.6424603052321768,-0.6949805121983956,-0.3793110229900811,-0.7688495608960341,-0.13115135202141853,-0.7137756687359577,-0.760768857522533,-0.27057743778225596,0.0,1.0,0.0,0.0,0.0
-0.926642871211368,-0.728146552705009,-0.7039099575938618,-0.3703035936820162,-0.7913648260410832,-0.7143006615920068,-0.7428767807005233,-0.9266428712113678,-0.7137756687359577,-0.6424603052321768,-0.6949805121983956,-0.3793110229900811,-0.7688495608960341,-0.13115135202141853,-0.7137756687359577,-0.760768857522533,-0.27057743778225596,0.0,1.0,0.0,0.0,0.0
-0.926642871211368,-0.728146552705009,-0.7039099575938618,-0.3703035936820162,-0.7913648260410832,-0.7143006615920068,-0.7428767807005233,-0.9266428712113678,-0.7137756687359577,-0.6424603052321768,-0.6949805121983956,-0.3793110229900811,-0.7688495608960341,-0.13115135202141853,-0.7137756687359577,-0.760768857522533,-0.27057743778225596,0.0,1.0,0.0,0.0,0.0
1.2026362555622592,0.84807657315054,0.0063997055690816354,-0.3161246224313489,0.3191345946064563,-0.4505951021414761,-0.3473607073111349,1.2026362555622596,0.6109218574096175,-0.08659130475340493,-0.0011301857392854145,-0.3793110229900811,0.22294553662838928,0.001419603844180328,0.6109218574096177,0.0908009726160856,-0.27057743778225596,0.0,0.0,0.0,0.0,1.0
0.10128498309314166,0.5054193718775944,-0.29063888084451284,-0.2619456511806816,-0.5452541436273042,-0.2747913958411222,-0.27544869396760974,0.10128498309314199,-0.4636079704530703,-0.28819144615476827,-0.362119882613282,-0.3793110229900811,0.22294553662838928,-0.8782507289191774,-0.4636079704530703,-0.43324199977691047,-0.27057743778225596,0.0,0.0,0.0,0.0,1.0
-0.6329491985529365,1.0536708939143071,-0.6005921884065245,-0.3703035936820162,-0.6292919376222531,-0.5165214920041088,-0.5271407406699478,-0.6329491985529364,-0.7638092083925352,-0.594227843521505,-0.6059051324502667,0.9958870495705936,-0.7688495608960341,-0.9644545031766112,-0.763809208392535,-0.36773662822778597,0.04841912044524581,0.0,0.0,1.0,0.0,0.0
0.46840207391618083,-0.5910836721958309,-0.21315055395400995,-0.3161246224313489,-0.31715155992672844,-0.14293861611585687,-0.1316246672805594,0.4684020739161812,-0.487433465527631,-0.2129426039770042,-0.27304450286515297,-0.3793110229900811,0.18405161123527478,-0.8909277545452706,-0.4874334655276309,-0.43324199977691047,-0.27057743778225596,0.0,0.0,0.0,0.0,1.0
-1.0000662893759757,-0.6596151124504199,-0.7813982844843647,-0.5328405074340182,-0.7913648260410832,-0.6923251983044626,-0.7428767807005233,-1.0000662893759757,-0.9782386640635815,-0.7396804358062709,-0.7418622910132004,-0.3793110229900811,0.16460464853871737,-0.9644545031766112,-0.9782386640635814,-0.9572849721699066,-0.27057743778225596,0.0,0.0,0.0,0.0,1.0
-1.0000662893759757,-0.6596151124504199,-0.7813982844843647,-0.5328405074340182,-0.7913648260410832,-0.6923251983044626,-0.7428767807005233,-1.0000662893759757,-0.9782386640635815,-0.7396804358062709,-0.7418622910132004,-0.3793110229900811,0.16460464853871737,-0.9644545031766112,-0.9782386640635814,-0.9572849721699066,-0.27057743778225596,0.0,0.0,0.0,0.0,1.0
-1.0000662893759757,-0.6596151124504199,-0.7813982844843647,-0.5328405074340182,-0.7913648260410832,-0.6923251983044626,-0.7428767807005233,-1.0000662893759757,-0.9782386640635815,-0.7396804358062709,-0.7418622910132004,-0.3793110229900811,0.16460464853871737,-0.9644545031766112,-0.9782386640635814,-0.9572849721699066,-0.27057743778225596,0.0,0.0,0.0,0.0,1.0
0.46840207391618083,2.8354883405336233,-0.13566222706350703,-0.20776667993001421,-0.37717855563740627,-0.4945460287165645,-0.25747069063172845,0.4684020739161812,0.1391770549333155,-0.053065994489215326,-0.31054992591699676,-0.3793110229900811,-0.7688495608960341,0.7266607153442212,0.13917705493331553,-0.6952634859734085,-0.27057743778225596,1.0,0.0,0.0,0.0,0.0
0.7620957465746123,-0.5225522319412418,-0.23897999625084426,-0.42448256493268355,-0.03502468008654274,-0.34071778570375494,-0.40129471731877875,0.7620957465746125,-0.29921205443860144,-0.28496101730207113,-0.23553907981330915,-0.3793110229900811,0.12571072314560267,-0.9644545031766112,-0.2992120544386014,-0.23672588512953693,-0.27057743778225596,0.0,0.0,0.0,0.0,1.0
-1.6608770528574461,-0.5910836721958309,-0.9492896594137876,-0.47866153618335083,-1.0134647101705911,-0.8241779780297279,-0.8687228040516923,-1.6608770528574461,-1.1497822286004185,-0.8570429345435387,-0.9481421177983413,-0.3793110229900811,-0.7688495608960341,-0.9644545031766112,-1.1497822286004185,-1.0882957152681556,-0.27057743778225596,0.0,0.0,0.0,1.0,0.0
-0.48610236222372083,-0.6596151124504199,-0.639336351851776,-0.5328405074340182,-0.743343229472541,-0.538496955291653,-0.49118473399818524,-0.4861023622237208,-0.8376682431236734,-0.6561153921816284,-0.619969666094708,-0.3793110229900811,0.08681679775248817,-0.9644545031766112,-0.8376682431236733,-0.6625108001988462,-0.27057743778225596,0.0,0.0,0.0,0.0,1.0
0.46840207391618083,1.0536708939143071,-0.2260652751024271,-0.3161246224313489,-0.35316775735313516,-0.6044233451542856,-0.5271407406699478,0.4684020739161812,-0.4564603219307021,-0.303949790933874,-0.362119882613282,-0.3793110229900811,0.08681679775248817,-0.8909277545452706,-0.456460321930702,-0.43324199977691047,-0.27057743778225596,0.0,0.0,0.0,0.0,1.0
-1.734300471022054,-0.728146552705009,-0.9751191017106219,-0.5328405074340182,-1.0254701093127265,-0.7802270514546394,-0.7968107907081672,-1.734300471022054,-1.237936560376293,-0.9421497938509205,-0.9762711850872241,-0.3793110229900811,-0.7688495608960341,-0.9644545031766112,-1.237936560376293,-1.15380108681728,-0.27057743778225596,0.0,1.0,0.0,0.0,0.0
-1.734300471022054,-0.728146552705009,-0.9751191017106219,-0.5328405074340182,-1.0254701093127265,-0.7802270514546394,-0.7968107907081672,-1.734300471022054,-1.237936560376293,-0.9421497938509205,-0.9762711850872241,-0.3793110229900811,-0.7688495608960341,-0.9644545031766112,-1.237936560376293,-1.15380108681728,-0.27057743778225596,0.0,1.0,0.0,0.0,0.0
0.5418254920807886,0.025699290095470905,-0.3810419288834329,-0.5328405074340182,-0.19709756850537283,-0.6044233451542856,-0.6350087606852356,0.541825492080789,-0.3278026485280743,-0.44297772299090626,-0.3714962383762429,0.7532050367657688,-0.7688495608960341,0.17836124697908162,-0.3278026485280741,-0.629758114424284,0.04841912044524581,0.0,0.0,1.0,0.0,0.0
-0.11898527140068164,-0.24842647092288545,-0.5618480249612731,-0.5328405074340182,-0.4912298474876941,-0.5604724185791972,-0.6170307573493543,-0.11898527140068153,-0.5017287625723674,-0.5695629381590845,-0.5543351757539814,0.7262403686763437,-0.7688495608960341,-0.8683041395817813,-0.5017287625723673,-0.6625108001988462,-0.05791306563058809,0.0,0.0,1.0,0.0,0.0
-1.2203365438697993,-0.728146552705009,-0.8330571690780333,-0.5328405074340182,-0.8814053196070999,-0.8241779780297279,-0.8327667973799298,-1.2203365438697993,-1.090218490914017,-0.7883377479828081,-0.8450022044057709,-0.3793110229900811,0.028475909662816063,-0.9644545031766112,-1.0902184909140167,-0.9900376579444689,-0.27057743778225596,0.0,0.0,0.0,0.0,1.0
-1.2203365438697993,-0.728146552705009,-0.8330571690780333,-0.5328405074340182,-0.8814053196070999,-0.8241779780297279,-0.8327667973799298,-1.2203365438697993,-1.090218490914017,-0.7883377479828081,-0.8450022044057709,-0.3793110229900811,0.028475909662816063,-0.9644545031766112,-1.0902184909140167,-0.9900376579444689,-0.27057743778225596,0.0,0.0,0.0,0.0,1.0
-1.2203365438697993,-0.728146552705009,-0.8330571690780333,-0.5328405074340182,-0.8814053196070999,-0.8241779780297279,-0.8327667973799298,-1.2203365438697993,-1.090218490914017,-0.7883377479828081,-0.8450022044057709,-0.3793110229900811,0.028475909662816063,-0.9644545031766112,-1.0902184909140167,-0.9900376579444689,-0.27057743778225596,0.0,0.0,0.0,0.0,1.0
0.9823660010684355,-0.3854893514320636,-0.2002358328055928,-0.47866153618335083,-0.16708407065003392,-0.5604724185791972,-0.599052754013473,0.9823660010684361,-0.1348161384241326,-0.2918882090797851,-0.2824208586281139,0.6992757005869188,-0.7688495608960341,-0.9644545031766112,-0.13481613842413254,-0.49874737132603497,0.36741567867274755,0.0,0.0,1.0,0.0,0.0
0.9089425829038278,-0.24842647092288545,-0.3552124865865986,-0.5870194786846855,-0.31715155992672844,-0.0989876895407684,-0.07769065727291555,0.9089425829038282,-0.31112480197588177,-0.35355837277344443,-0.30586174803551625,-0.3793110229900811,-0.7688495608960341,-0.9019567668399717,-0.3111248019758817,-0.07296245625672568,-0.27057743778225596,0.0,0.0,0.0,1.0,0.0
1.0557894192330437,-0.4540207916866527,-0.29063888084451284,-0.5870194786846855,-0.16708407065003392,-0.4505951021414761,-0.4372507239905414,1.055789419233044,0.62759970396181,-0.18977475118694262,-0.29179721439107487,-0.3793110229900811,-0.01041801573029853,-0.07162969836747612,0.6275997039618099,-0.4659946855514727,-0.27057743778225596,0.0,0.0,0.0,0.0,1.0
1.2026362555622592,0.5054193718775944,-0.34229776543818147,-0.6411984499353528,-0.2391164655028473,-0.07701222625322417,-0.005778643929390378,1.2026362555622596,-0.2610912623193043,-0.11187415940202151,-0.25897996922071154,-0.3793110229900811,-0.01041801573029853,-0.8508222552918122,-0.26109126231930413,-0.20397319935497468,-0.27057743778225596,0.0,0.0,0.0,0.0,1.0
1.2026362555622592,-0.11136359041370726,-0.29063888084451284,-0.6411984499353528,-0.09505167579722056,-0.5604724185791972,-0.599052754013473,1.2026362555622596,0.2535394312912069,-0.4216847306598928,-0.263668147102192,0.6453463644080687,-0.7688495608960341,-0.8508222552918122,0.253539431291207,-0.30223125667866146,-0.27057743778225596,0.0,0.0,1.0,0.0,0.0
1.1292128373976515,0.23129361085923816,-0.2777241596960957,-0.5870194786846855,-0.2691299633581862,-0.5604724185791972,-0.545118744005829,1.1292128373976518,0.2106535401569976,-0.22282049588871697,-0.3011735701540358,-0.3793110229900811,-0.049311941123413125,-0.15053049507153918,0.2106535401569978,-0.23672588512953693,-0.27057743778225596,0.0,0.0,0.0,0.0,1.0
0.9823660010684355,-0.24842647092288545,-0.34229776543818147,-0.6411984499353528,-0.4612163496323552,-0.38466871227884336,-0.41927272065466004,0.9823660010684361,-0.149111435468869,-0.35384502439800813,-0.3433671710873601,-0.3793110229900811,-0.7688495608960341,-0.6595874966564188,-0.14911143546886899,-0.43324199977691047,-0.27057743778225596,1.0,0.0,0.0,0.0,0.0
-1.293759962034407,-0.5910836721958309,-0.8718013325232847,-0.5870194786846855,-0.8994134183203032,-0.8461534413172722,-0.8687228040516923,-1.293759962034407,-1.0330373027350712,-1.0123557327702362,-0.8825076274576147,-0.3793110229900811,-0.049311941123413125,-0.9644545031766112,-1.033037302735071,-1.022790343719031,-0.27057743778225596,0.0,0.0,0.0,0.0,1.0
0.9089425829038278,1.1222023341688963,-0.3681272077350158,-0.6411984499353528,-0.31715155992672844,-0.34071778570375494,-0.25747069063172845,0.9089425829038282,-0.12528594039430832,-0.16414936039838926,-0.3714962383762429,-0.3793110229900811,-0.7688495608960341,-0.9644545031766112,-0.12528594039430815,0.05804828684152335,-0.27057743778225596,1.0,0.0,0.0,0.0,0.0
0.10128498309314166,-0.4540207916866527,-0.5747627461096902,-0.6411984499353528,-0.467219049203423,-0.3626932489912991,-0.3473607073111349,0.10128498309314199,-0.4850509160201749,-0.5511362663596457,-0.5777760651613838,0.5644523601397937,-0.7688495608960341,-0.9644545031766112,-0.48505091602017475,-0.007457084707601161,-1.2275671124647614,0.0,0.0,1.0,0.0,0.0
-0.11898527140068164,-0.6596151124504199,-0.6651657941486102,-0.6953774211860202,-0.6172865384801175,-0.538496955291653,-0.49118473399818524,-0.11898527140068153,-0.723305866765782,-0.7329838368078931,-0.6340341997391495,-0.3793110229900811,-0.0882058665165278,-0.9644545031766112,-0.7233058667657819,-0.4659946855514727,-0.27057743778225596,0.0,0.0,0.0,0.0,1.0
-0.11898527140068164,-0.6596151124504199,-0.6651657941486102,-0.6953774211860202,-0.6172865384801175,-0.538496955291653,-0.49118473399818524,-0.11898527140068153,-0.723305866765782,-0.7329838368078931,-0.6340341997391495,-0.3793110229900811,-0.0882058665165278,-0.9644545031766112,-0.7233058667657819,-0.4659946855514727,-0.27057743778225596,0.0,0.0,0.0,0.0,1.0
-0.6329491985529365,-0.24842647092288545,-0.7168246787422788,-0.5870194786846855,-0.5872730406247786,-0.6483742717293741,-0.6350087606852356,-0.6329491985529364,-0.3492455940951789,-0.6031928993558339,-0.7559268246576418,-0.3793110229900811,-0.10765282921308514,0.7460098597208896,-0.3492455940951788,-0.49874737132603497,-0.27057743778225596,0.0,0.0,0.0,0.0,1.0
-0.6329491985529365,-0.24842647092288545,-0.7168246787422788,-0.5870194786846855,-0.5872730406247786,-0.6483742717293741,-0.6350087606852356,-0.6329491985529364,-0.3492455940951789,-0.6031928993558339,-0.7559268246576418,-0.3793110229900811,-0.7688495608960341,0.7460098597208896,-0.3492455940951788,-0.49874737132603497,-0.27057743778225596,0.0,1.0,0.0,0.0,0.0
-0.6329491985529365,-0.24842647092288545,-0.7168246787422788,-0.5870194786846855,-0.5872730406247786,-0.6483742717293741,-0.6350087606852356,-0.6329491985529364,-0.3492455940951789,-0.6031928993558339,-0.7559268246576418,-0.3793110229900811,-0.7688495608960341,0.7460098597208896,-0.3492455940951788,-0.49874737132603497,-0.27057743778225596,0.0,1.0,0.0,0.0,0.0
-1.1469131257051914,-0.5910836721958309,-0.8459718902264504,-0.6411984499353528,-0.9114188174624388,-0.7143006615920068,-0.7069207740287607,-1.1469131257051914,-1.0544802483021758,-0.852153399959229,-0.8684430938131732,-0.3793110229900811,-0.7688495608960341,-0.9644545031766112,-1.0544802483021756,-0.9572849721699066,-0.27057743778225596,1.0,0.0,0.0,0.0,0.0
-0.8532194530467601,-0.6596151124504199,-0.8718013325232847,-0.8579143349380222,-0.8693999204649643,-0.5824478818667415,-0.6529867640211169,-0.85321945304676,-0.8019300005118323,-0.812165628433264,-0.8074967813539271,-0.3793110229900811,-0.1270997919096425,-0.33947713981021665,-0.8019300005118322,-0.8262742290716575,-0.27057743778225596,0.0,0.0,0.0,0.0,1.0
0.83551916473922,-0.17989503066829635,-0.5360185826644387,-0.8037353636873548,-0.5092379462008975,-0.0989876895407684,-0.05971265393703425,0.8355191647392204,-0.13005103940922044,-0.5753214039435579,-0.46525979600585243,-0.3793110229900811,-0.14654675460619973,-0.7721537759869513,-0.13005103940922025,-0.4004893140023482,-0.27057743778225596,0.0,0.0,0.0,0.0,1.0
0.83551916473922,-0.17989503066829635,-0.5360185826644387,-0.8037353636873548,-0.5092379462008975,-0.0989876895407684,-0.05971265393703425,0.8355191647392204,-0.13005103940922044,-0.5753214039435579,-0.46525979600585243,-0.3793110229900811,-0.14654675460619973,-0.7721537759869513,-0.13005103940922025,-0.4004893140023482,-0.27057743778225596,0.0,0.0,0.0,0.0,1.0
-0.19240868956528942,-0.5225522319412418,-0.6522510730001931,-0.6953774211860202,-0.5512568431983719,-0.6263988084418299,-0.6170307573493543,-0.19240868956528936,-0.29921205443860144,-0.6316774423132455,-0.6902923343169152,-0.3793110229900811,-0.16599371730275708,-0.6644653687607418,-0.2992120544386014,0.2218117157143346,-0.27057743778225596,0.0,0.0,0.0,0.0,1.0
-0.19240868956528942,-0.5225522319412418,-0.6522510730001931,-0.6953774211860202,-0.5512568431983719,-0.6263988084418299,-0.6170307573493543,-0.19240868956528936,-0.29921205443860144,-0.6316774423132455,-0.6902923343169152,-0.3793110229900811,-0.7688495608960341,-0.6644653687607418,-0.2992120544386014,0.2218117157143346,-0.27057743778225596,1.0,0.0,0.0,0.0,0.0
0.46840207391618083,-0.4540207916866527,-0.6005921884065245,-0.8037353636873548,-0.49723254705876185,-0.4945460287165645,-0.47320673066230395,0.4684020739161812,-0.1991449751254465,-0.6245410320962198,-0.5637115315169424,0.4565936877820938,-0.7688495608960341,-0.37624051412588694,-0.1991449751254464,0.025295601066961094,-1.1212349263889274,0.0,0.0,1.0,0.0,0.0
-0.5595257803883288,-0.3169579111774745,-0.7943130056327817,-0.8037353636873548,-0.7793594268989475,-0.7143006615920068,-0.6350087606852356,-0.5595257803883286,-0.8066950995267445,-0.8592510624300803,-0.7746795361835638,-0.3793110229900811,-0.1854406799993144,-0.8394590305033324,-0.8066950995267443,-0.9900376579444689,-0.27057743778225596,0.0,0.0,0.0,0.0,1.0
-1.9545707255158775,-0.728146552705009,-1.0396927074527076,-0.8037353636873548,-1.09750250416554,-0.8681289046048164,-0.9046788107234549,-1.9545707255158775,-1.3141781446148875,-0.8978074219843402,-1.0419056754279508,-0.3793110229900811,-0.1854406799993144,-0.9644545031766112,-1.3141781446148875,-1.1865537725918422,-0.27057743778225596,0.0,0.0,0.0,0.0,1.0
0.7620957465746123,-0.3169579111774745,-0.5489333038128559,-0.8037353636873548,-0.49723254705876185,-0.4725705654290203,-0.40129471731877875,0.7620957465746125,-0.05619200467808227,-0.33616463342210523,-0.5308942863465791,-0.3793110229900811,-0.20488764269587176,-0.30658359436988014,-0.056192004678082205,0.12355365839064786,-0.27057743778225596,0.0,0.0,0.0,0.0,1.0
0.7620957465746123,-0.3169579111774745,-0.5489333038128559,-0.8037353636873548,-0.49723254705876185,-0.4725705654290203,-0.40129471731877875,0.7620957465746125,-0.05619200467808227,-0.33616463342210523,-0.5308942863465791,-0.3793110229900811,-0.20488764269587176,-0.30658359436988014,-0.056192004678082205,0.12355365839064786,-0.27057743778225596,0.0,0.0,0.0,0.0,1.0
0.5418254920807886,-0.728146552705009,-0.6264216307033588,-0.8579143349380222,-0.4552136500612874,-0.6923251983044626,-0.724898777364642,0.541825492080789,-0.2753865593640407,-0.5450336692154976,-0.5918405988058252,0.3756996835138187,-0.7688495608960341,-0.8216025344071496,-0.27538655936404055,0.4183278303617082,-1.2275671124647614,0.0,0.0,1.0,0.0,0.0
-1.0000662893759757,-0.728146552705009,-0.8847160536717018,-0.8579143349380222,-0.959440414030981,-0.6263988084418299,-0.6350087606852356,-1.0000662893759757,-1.0211245551977908,-0.9355990826121857,-0.8778194495761342,-0.3793110229900811,-0.7688495608960341,-0.9644545031766112,-1.0211245551977906,-0.8262742290716575,-0.27057743778225596,0.0,1.0,0.0,0.0,0.0
-1.0000662893759757,-0.728146552705009,-0.8847160536717018,-0.8579143349380222,-0.959440414030981,-0.6263988084418299,-0.6350087606852356,-1.0000662893759757,-1.0211245551977908,-0.9355990826121857,-0.8778194495761342,-0.3793110229900811,-0.24378156808898635,-0.9644545031766112,-1.0211245551977906,-0.8262742290716575,-0.27057743778225596,0.0,0.0,0.0,0.0,1.0
0.24813181942235754,-0.17989503066829635,-0.639336351851776,-0.8037353636873548,-0.7793594268989475,-0.4725705654290203,-0.41927272065466004,0.24813181942235768,-0.823372946078937,-0.6969691252716499,-0.6715396227909933,0.3217703473349688,-0.7688495608960341,-0.9644545031766112,-0.8233729460789367,-0.9245322863953443,0.7927444229760833,0.0,0.0,1.0,0.0,0.0
0.24813181942235754,-0.3169579111774745,-0.7168246787422788,-0.9120933061886894,-0.7313378303304053,-0.4505951021414761,-0.49118473399818524,0.24813181942235768,-0.2730040098565847,-0.599304628783064,-0.7090450458428371,-0.3793110229900811,-0.30212245617865835,-0.23867433926724976,-0.27300400985658463,-0.17122051358041243,-0.27057743778225596,0.0,0.0,0.0,0.0,1.0
0.17470840125774942,-0.3169579111774745,-0.7168246787422788,-0.8579143349380222,-0.6653081350486597,-0.7362761248795511,-0.7788327873722859,0.17470840125774983,-0.38260128719956393,-0.6148901840320662,-0.7231095794872785,-0.3793110229900811,-0.30212245617865835,-0.46447261248349553,-0.3826012871995638,-0.04020977048216342,-0.27057743778225596,0.0,0.0,0.0,0.0,1.0
-0.6329491985529365,-0.6596151124504199,-0.8847160536717018,-0.9662722774393568,-0.9534377144599132,-0.5824478818667415,-0.6350087606852356,-0.6329491985529364,-1.1092788869736654,-0.8247326284042552,-0.8543785601687318,-0.3793110229900811,-0.7688495608960341,-0.9644545031766112,-1.1092788869736652,-0.9245322863953443,-0.27057743778225596,0.0,0.0,0.0,1.0,0.0
-0.6329491985529365,-0.6596151124504199,-0.8847160536717018,-0.9662722774393568,-0.9534377144599132,-0.5824478818667415,-0.6350087606852356,-0.6329491985529364,-1.1092788869736654,-0.8247326284042552,-0.8543785601687318,-0.3793110229900811,-0.32156941887521573,-0.9644545031766112,-1.1092788869736652,-0.9245322863953443,-0.27057743778225596,0.0,0.0,0.0,0.0,1.0
-0.6329491985529365,-0.6596151124504199,-0.8847160536717018,-0.9662722774393568,-0.9534377144599132,-0.5824478818667415,-0.6350087606852356,-0.6329491985529364,-1.1092788869736654,-0.8247326284042552,-0.8543785601687318,-0.3793110229900811,-0.32156941887521573,-0.9644545031766112,-1.1092788869736652,-0.9245322863953443,-0.27057743778225596,0.0,0.0,0.0,0.0,1.0
-0.2658321077298975,-0.6596151124504199,-0.8330571690780333,-0.9662722774393568,-0.8333837230385576,-0.7143006615920068,-0.724898777364642,-0.26583210772989724,-0.8043125500192884,-0.7927764293972179,-0.816873137116888,-0.3793110229900811,-0.3604633442683303,-0.9644545031766112,-0.8043125500192883,-0.9900376579444689,-0.27057743778225596,0.0,0.0,0.0,0.0,1.0
0.3949786557515731,-0.5225522319412418,-0.729739399890696,-0.9120933061886894,-0.6292919376222531,-0.6483742717293741,-0.6709647673569982,0.39497865575157337,-0.4397824753785096,-0.7310385344325059,-0.73717411313172,-0.3793110229900811,-0.3604633442683303,-0.8129448393302126,-0.43978247537850945,-0.4659946855514727,-0.27057743778225596,0.0,0.0,0.0,0.0,1.0
0.3949786557515731,-0.5225522319412418,-0.729739399890696,-0.9120933061886894,-0.6292919376222531,-0.6483742717293741,-0.6709647673569982,0.39497865575157337,-0.4397824753785096,-0.7310385344325059,-0.73717411313172,-0.3793110229900811,-0.3604633442683303,-0.8129448393302126,-0.43978247537850945,-0.4659946855514727,-0.27057743778225596,0.0,0.0,0.0,0.0,1.0
0.3949786557515731,-0.5225522319412418,-0.729739399890696,-0.9120933061886894,-0.6292919376222531,-0.6483742717293741,-0.6709647673569982,0.39497865575157337,-0.4397824753785096,-0.7310385344325059,-0.73717411313172,-0.3793110229900811,-0.3604633442683303,-0.8129448393302126,-0.43978247537850945,-0.4659946855514727,-0.27057743778225596,0.0,0.0,0.0,0.0,1.0
-1.9545707255158775,-0.728146552705009,-1.0396927074527076,-0.8037353636873548,-1.1035052037366078,-0.8681289046048164,-0.9046788107234549,-1.9545707255158775,-1.2927351990477827,-1.1986069859817703,-1.0465938533094312,-0.3793110229900811,-0.37991030696488765,-0.9644545031766112,-1.2927351990477827,-1.0882957152681556,-0.27057743778225596,0.0,0.0,0.0,0.0,1.0
-0.2658321077298975,-0.728146552705009,-0.8072277267811989,-0.9120933061886894,-0.8213783238964221,-0.7582515881670953,-0.7788327873722859,-0.26583210772989724,-0.7566615598701669,-0.8375085986469732,-0.8309376707613294,-0.3793110229900811,-0.37991030696488765,-0.9644545031766112,-0.7566615598701669,-0.5970054286497217,-0.27057743778225596,0.0,0.0,0.0,0.0,1.0
-0.7063726167175444,-0.728146552705009,-0.8718013325232847,-0.9120933061886894,-0.8874080191781677,-0.8681289046048164,-0.9046788107234549,-0.7063726167175443,-0.994916510615774,-0.9699767860788057,-0.8871958053390951,-0.3793110229900811,-0.37991030696488765,-0.9644545031766112,-0.9949165106157738,-0.9245322863953443,-0.27057743778225596,0.0,0.0,0.0,0.0,1.0
-0.7063726167175444,-0.728146552705009,-0.8718013325232847,-0.9120933061886894,-0.8874080191781677,-0.8681289046048164,-0.9046788107234549,-0.7063726167175443,-0.994916510615774,-0.9699767860788057,-0.8871958053390951,-0.3793110229900811,-0.37991030696488765,-0.9644545031766112,-0.9949165106157738,-0.9245322863953443,-0.27057743778225596,0.0,0.0,0.0,0.0,1.0
-1.0734897075405836,-0.6596151124504199,-0.9622043805622048,-1.0746302199406914,-1.0374755084548621,-0.6263988084418299,-0.6529867640211169,-1.0734897075405836,-1.099748688943841,-0.9996581289904966,-0.9387657620353803,-0.3793110229900811,-0.39935726966144497,-0.9644545031766112,-1.0997486889438408,-0.7935215432970952,-0.27057743778225596,0.0,0.0,0.0,0.0,1.0
0.9823660010684355,0.025699290095470905,-0.7168246787422788,-1.0204512486900241,-0.743343229472541,-0.6923251983044626,-0.7069207740287607,0.9823660010684361,-0.5017287625723674,-0.7434609910932501,-0.7231095794872785,-0.3793110229900811,-0.43825119505455956,-0.9034811018725727,-0.5017287625723673,-0.6952634859734085,-0.27057743778225596,0.0,0.0,0.0,0.0,1.0
-0.5595257803883288,-0.4540207916866527,-0.897630774820119,-1.0204512486900241,-0.959440414030981,-0.6483742717293741,-0.6529867640211169,-0.5595257803883286,-0.9567957184964768,-0.9088448199876283,-0.8965721611020561,-0.3793110229900811,-0.43825119505455956,-0.9644545031766112,-0.9567957184964767,-0.9572849721699066,-0.27057743778225596,0.0,0.0,0.0,0.0,1.0
-0.48610236222372083,-0.4540207916866527,-0.8847160536717018,-1.0204512486900241,-0.9474350148888454,-0.6703497350169183,-0.6350087606852356,-0.4861023622237208,-1.1545473276153306,-0.840207830233386,-0.8918839832205756,0.0790883345301438,-0.7688495608960341,-0.9644545031766112,-1.1545473276153306,-0.9572849721699066,-0.164245251706422,0.0,0.0,1.0,0.0,0.0
-0.926642871211368,-0.5225522319412418,-0.9363749382653704,-1.0204512486900241,-0.9654431136020488,-0.7143006615920068,-0.6889427706928795,-0.9266428712113678,-1.13072183254077,-0.9678766838789042,-0.9387657620353803,0.0790883345301438,-0.7688495608960341,-0.9644545031766112,-1.13072183254077,-0.9572849721699066,-0.4832418099339238,0.0,0.0,1.0,0.0,0.0
-1.3671833801990148,-0.728146552705009,-0.9880338228590391,-1.0204512486900241,-1.0554836071680656,-0.7802270514546394,-0.8327667973799298,-1.3671833801990148,-1.2331714613613811,-1.0295339453227037,-0.9903357187316656,-0.3793110229900811,-0.4576981577511169,-0.9644545031766112,-1.233171461361381,-1.15380108681728,-0.27057743778225596,0.0,0.0,0.0,0.0,1.0
-1.3671833801990148,-0.728146552705009,-0.9880338228590391,-1.0204512486900241,-1.0554836071680656,-0.7802270514546394,-0.8327667973799298,-1.3671833801990148,-1.2331714613613811,-1.0295339453227037,-0.9903357187316656,-0.3793110229900811,-0.4576981577511169,-0.9644545031766112,-1.233171461361381,-1.15380108681728,-0.27057743778225596,0.0,0.0,0.0,0.0,1.0
-0.6329491985529365,-0.728146552705009,-0.9622043805622048,-1.128809191191359,-0.9894539118863199,-0.6044233451542856,-0.6709647673569982,-0.6329491985529364,-1.1426345800780504,-0.9179769389800126,-0.9293894062724194,-0.3793110229900811,-0.7688495608960341,-0.9644545031766112,-1.1426345800780502,-0.9900376579444689,-0.27057743778225596,0.0,0.0,0.0,1.0,0.0
-0.6329491985529365,-0.728146552705009,-0.9622043805622048,-1.128809191191359,-0.9894539118863199,-0.6044233451542856,-0.6709647673569982,-0.6329491985529364,-1.1426345800780504,-0.9179769389800126,-0.9293894062724194,-0.3793110229900811,-0.4965920831442316,-0.9644545031766112,-1.1426345800780502,-0.9900376579444689,-0.27057743778225596,0.0,0.0,0.0,0.0,1.0
-1.6608770528574461,-0.728146552705009,-1.0138632651558734,-1.0204512486900241,-1.073491705881269,-0.8681289046048164,-0.9046788107234549,-1.6608770528574461,-1.261762055450854,-0.8608948953527454,-1.023152963902029,-0.3793110229900811,-0.4965920831442316,-0.46447261248349553,-1.2617620554508537,-1.1210484010427177,-0.27057743778225596,0.0,0.0,0.0,0.0,1.0
-1.1469131257051914,-0.3169579111774745,-0.9622043805622048,-1.0204512486900241,-0.9834512123152521,-0.8461534413172722,-0.8687228040516923,-1.1469131257051914,-1.1116614364811215,-1.129699281712491,-0.9856475408501851,-0.3793110229900811,-0.7688495608960341,-0.7561287153878131,-1.1116614364811215,-0.9572849721699066,-0.27057743778225596,0.0,0.0,0.0,1.0,0.0
-1.1469131257051914,-0.3169579111774745,-0.9622043805622048,-1.0204512486900241,-0.9834512123152521,-0.8461534413172722,-0.8687228040516923,-1.1469131257051914,-1.1116614364811215,-1.129699281712491,-0.9856475408501851,-0.3793110229900811,-0.516039045840789,-0.7561287153878131,-1.1116614364811215,-0.9572849721699066,-0.27057743778225596,0.0,0.0,0.0,0.0,1.0
-0.8532194530467601,-0.3169579111774745,-0.9234602171169533,-1.0204512486900241,-0.9534377144599132,-0.8681289046048164,-0.8687228040516923,-0.85321945304676,-1.161694976137699,-1.0092732528487371,-0.9622066514427827,-0.02877033782755617,-0.7688495608960341,-0.9644545031766112,-1.161694976137699,-0.9572849721699066,-0.5895739960097577,0.0,0.0,1.0,0.0,0.0
-1.5874536346928385,-0.728146552705009,-1.0138632651558734,-1.0746302199406914,-1.0494809075969977,-0.8681289046048164,-0.9046788107234549,-1.5874536346928383,-1.2760573524955903,-1.1414779623155331,-1.023152963902029,-0.3793110229900811,-0.5354860085373462,-0.9644545031766112,-1.2760573524955903,-1.1210484010427177,-0.27057743778225596,0.0,0.0,0.0,0.0,1.0
-0.11898527140068164,-0.728146552705009,-0.9363749382653704,-1.1829881624420262,-0.9534377144599132,-0.6703497350169183,-0.6709647673569982,-0.11898527140068153,-1.0068292581530542,-0.9218483796067074,-0.915324872627978,-0.3793110229900811,-0.7688495608960341,-0.9644545031766112,-1.0068292581530542,-0.7935215432970952,-0.27057743778225596,1.0,0.0,0.0,0.0,0.0
-0.11898527140068164,-0.728146552705009,-0.9363749382653704,-1.1829881624420262,-0.9534377144599132,-0.6703497350169183,-0.6709647673569982,-0.11898527140068153,-1.0068292581530542,-0.9218483796067074,-0.915324872627978,-0.3793110229900811,-0.5354860085373462,-0.9644545031766112,-1.0068292581530542,-0.7935215432970952,-0.27057743778225596,0.0,0.0,0.0,0.0,1.0
-0.04556185323607388,-0.17989503066829635,-0.8847160536717018,-1.0746302199406914,-0.9294269161756421,-0.7802270514546394,-0.7608547840364046,-0.045561853236073695,-0.7900172529745519,-0.9048911808347213,-0.915324872627978,-0.3793110229900811,-0.5549329712339035,-0.9644545031766112,-0.7900172529745518,-0.8917796006207821,-0.27057743778225596,0.0,0.0,0.0,0.0,1.0
0.9089425829038278,0.23129361085923816,-0.8201424479296161,-1.0746302199406914,-0.8153756243253543,-0.7582515881670953,-0.7608547840364046,0.9089425829038282,-0.12052084137939617,-0.7053194013387126,-0.8496903822872514,-0.3793110229900811,-0.5549329712339035,0.16050475088289898,-0.12052084137939607,-0.6625108001988462,-0.27057743778225596,0.0,0.0,0.0,0.0,1.0
-1.734300471022054,-0.728146552705009,-1.0267779863042905,-1.0746302199406914,-1.0854971050234044,-0.8681289046048164,-0.9046788107234549,-1.734300471022054,-1.2879701000328707,-1.13886279456747,-1.0372174975464703,-0.3793110229900811,-0.5743799339304608,-0.9644545031766112,-1.2879701000328705,-1.15380108681728,-0.27057743778225596,0.0,0.0,0.0,0.0,1.0
-1.734300471022054,-0.5225522319412418,-1.0267779863042905,-1.0746302199406914,-1.0914998045944722,-0.8681289046048164,-0.9046788107234549,-1.734300471022054,-1.2808224515105024,-1.1561000569864197,-1.0372174975464703,-0.3793110229900811,-0.7688495608960341,-0.9644545031766112,-1.2808224515105024,-1.1210484010427177,-0.27057743778225596,1.0,0.0,0.0,0.0,0.0
-1.293759962034407,-0.6596151124504199,-0.9880338228590391,-1.0746302199406914,-1.0794944054523365,-0.8681289046048164,-0.9046788107234549,-1.293759962034407,-1.2069634167793641,-1.1073645091850683,-1.0090884302575875,-0.3793110229900811,-0.5743799339304608,-0.9644545031766112,-1.2069634167793641,-1.1865537725918422,-0.27057743778225596,0.0,0.0,0.0,0.0,1.0
-1.2203365438697993,-0.5910836721958309,-1.0267779863042905,-1.2371671336926933,-1.0614863067391334,-0.7362761248795511,-0.7788327873722859,-1.2203365438697993,-1.2212587138241007,-1.1342736708018317,-1.0090884302575875,-0.13662901018525617,-0.7688495608960341,-0.9644545031766112,-1.2212587138241007,-0.9900376579444689,-0.4832418099339238,0.0,0.0,1.0,0.0,0.0
-1.2203365438697993,-0.5910836721958309,-1.0267779863042905,-1.2371671336926933,-1.0614863067391334,-0.7362761248795511,-0.7788327873722859,-1.2203365438697993,-1.2212587138241007,-1.1342736708018317,-1.0090884302575875,-0.3793110229900811,-0.5938268966270182,-0.9644545031766112,-1.2212587138241007,-0.9900376579444689,-0.27057743778225596,0.0,0.0,0.0,0.0,1.0
-1.734300471022054,-0.728146552705009,-1.0396927074527076,-1.1829881624420262,-1.0914998045944722,-0.8461534413172722,-0.850744800715811,-1.734300471022054,-1.3046479465850631,-1.2028782680261862,-1.0419056754279508,-0.3793110229900811,-0.6132738593235756,-0.9644545031766112,-1.304647946585063,-1.0882957152681556,-0.27057743778225596,0.0,0.0,0.0,0.0,1.0
-1.734300471022054,-0.728146552705009,-1.0396927074527076,-1.1829881624420262,-1.0914998045944722,-0.8461534413172722,-0.850744800715811,-1.734300471022054,-1.3046479465850631,-1.2028782680261862,-1.0419056754279508,-0.3793110229900811,-0.6132738593235756,-0.9644545031766112,-1.304647946585063,-1.0882957152681556,-0.27057743778225596,0.0,0.0,0.0,0.0,1.0
-1.734300471022054,-0.728146552705009,-1.0396927074527076,-1.1829881624420262,-1.0914998045944722,-0.8461534413172722,-0.850744800715811,-1.734300471022054,-1.3046479465850631,-1.2028782680261862,-1.0419056754279508,-0.3793110229900811,-0.6132738593235756,-0.9644545031766112,-1.304647946585063,-1.0882957152681556,-0.27057743778225596,0.0,0.0,0.0,0.0,1.0
-1.5874536346928385,-0.728146552705009,-1.0396927074527076,-1.2371671336926933,-1.0794944054523365,-0.8681289046048164,-0.8687228040516923,-1.5874536346928383,-1.2903526495403268,-1.1702926358291936,-1.0419056754279508,-0.3793110229900811,-0.6716147474132474,-0.9644545031766112,-1.2903526495403266,-1.0882957152681556,-0.27057743778225596,0.0,0.0,0.0,0.0,1.0
-1.5874536346928385,-0.728146552705009,-1.0396927074527076,-1.2371671336926933,-1.0794944054523365,-0.8681289046048164,-0.8687228040516923,-1.5874536346928383,-1.2903526495403268,-1.1702926358291936,-1.0419056754279508,-0.3793110229900811,-0.6716147474132474,-0.9644545031766112,-1.2903526495403266,-1.0882957152681556,-0.27057743778225596,0.0,0.0,0.0,0.0,1.0
-0.7797960348821522,-0.728146552705009,-1.0267779863042905,-1.2913461049433608,-1.0554836071680656,-0.8461534413172722,-0.8327667973799298,-0.7797960348821521,-1.2593795059433979,-1.112308139485942,-1.0278411417835094,-0.27145235063238116,-0.7688495608960341,-0.9644545031766112,-1.2593795059433976,-1.15380108681728,-0.27057743778225596,0.0,0.0,1.0,0.0,0.0
-1.5874536346928385,-0.728146552705009,-1.0396927074527076,-1.2371671336926933,-1.0914998045944722,-0.8681289046048164,-0.9046788107234549,-1.5874536346928383,-1.195050669242084,-1.2385669665655126,-1.0465938533094312,-0.3793110229900811,-0.7105086728063622,-0.9644545031766112,-1.195050669242084,-1.15380108681728,-0.27057743778225596,0.0,0.0,0.0,0.0,1.0
-1.88114730735127,-0.728146552705009,-1.0526074286011249,-1.345525076194028,-1.1215133024498112,-0.8681289046048164,-0.9046788107234549,-1.8811473073512697,-1.3308559911670799,-1.3200959837056656,-1.0559702090723921,-0.3793110229900811,-0.7688495608960341,-0.9644545031766112,-1.3308559911670799,-1.1865537725918422,-0.27057743778225596,0.0,1.0,0.0,0.0,0.0
-1.88114730735127,-0.728146552705009,-1.0526074286011249,-1.345525076194028,-1.1215133024498112,-0.8681289046048164,-0.9046788107234549,-1.8811473073512697,-1.3308559911670799,-1.3200959837056656,-1.0559702090723921,-0.3793110229900811,-0.7688495608960341,-0.9644545031766112,-1.3308559911670799,-1.1865537725918422,-0.27057743778225596,0.0,1.0,0.0,0.0,0.0
-1.8077238891866618,-0.728146552705009,-1.0526074286011249,-1.345525076194028,-1.1215133024498112,-0.8681289046048164,-0.9046788107234549,-1.8077238891866618,-1.3380036396894481,-1.3222602074624858,-1.0559702090723921,-0.3793110229900811,-0.7688495608960341,-0.9644545031766112,-1.338003639689448,-1.1865537725918422,-0.27057743778225596,0.0,0.0,0.0,0.0,1.0
-1.9545707255158775,-0.728146552705009,-1.0526074286011249,-1.345525076194028,-1.1215133024498112,-0.8681289046048164,-0.9046788107234549,-1.9545707255158775,-1.3451512882118164,-1.022553938925313,-1.0559702090723921,-0.3793110229900811,-0.7688495608960341,-0.9644545031766112,-1.3451512882118162,-1.1865537725918422,-0.27057743778225596,0.0,1.0,0.0,0.0,0.0
-1.8077238891866618,-0.728146552705009,-1.0526074286011249,-1.345525076194028,-1.1035052037366078,-0.8681289046048164,-0.9046788107234549,-1.8077238891866618,-1.3189432436297996,-1.3223972094840952,-1.0559702090723921,-0.3793110229900811,-0.7688495608960341,-0.9644545031766112,-1.3189432436297994,-1.1210484010427177,-0.27057743778225596,0.0,0.0,0.0,0.0,1.0
-1.8077238891866618,-0.728146552705009,-1.0526074286011249,-1.345525076194028,-1.1155106028787434,-0.8681289046048164,-0.9046788107234549,-1.8077238891866618,-1.2927351990477827,-1.320654901062786,-1.0559702090723921,-0.3793110229900811,-0.7688495608960341,-0.9644545031766112,-1.2927351990477827,-1.1210484010427177,-0.27057743778225596,0.0,0.0,0.0,0.0,1.0
-1.9545707255158775,-0.728146552705009,-1.0526074286011249,-1.345525076194028,-1.1035052037366078,-0.8681289046048164,-0.9046788107234549,-1.9545707255158775,-1.3165606941223436,-1.1237770243206051,-1.0559702090723921,-0.3793110229900811,-0.7688495608960341,-0.9644545031766112,-1.3165606941223433,-1.1865537725918422,-0.27057743778225596,0.0,0.0,0.0,0.0,1.0
-1.9545707255158775,-0.728146552705009,-1.0526074286011249,-1.345525076194028,-1.1035052037366078,-0.8681289046048164,-0.9046788107234549,-1.9545707255158775,-1.3165606941223436,-1.1237770243206051,-1.0559702090723921,-0.3793110229900811,-0.7688495608960341,-0.9644545031766112,-1.3165606941223433,-1.1865537725918422,-0.27057743778225596,0.0,0.0,0.0,0.0,1.0
