Player,2025 Salary,2025 Signing,G,GS,MIN,PTS,FGM,FGA,FG%,2PM,2PA,2P%,3PM,3PA,3P%,FTM,FTA,FT%,ORB,DRB,TRB,AST,TOV,STL,BLK,PF
A'ja Wilson,200000,RFA,40,40,31.2,23.4,8.3,16.4,50.5%,7.7,15.0,51.3%,0.6,1.5,42.4%,6.2,7.3,85.5%,2.3,7.9,10.2,3.1,2.2,1.6,2.3,1.9
Napheesa Collier,214284,,33,33,32.3,22.9,8.3,15.7,53.1%,6.8,11.9,57.1%,1.5,3.8,40.3%,4.7,5.2,90.6%,1.9,5.4,7.3,3.2,2.1,1.6,1.5,2.4
Kelsey Mitchell,269244,Core,44,44,31.4,20.2,7.2,15.7,45.6%,4.6,9.3,49.9%,2.5,6.4,39.4%,3.4,4.3,78.4%,0.4,1.3,1.8,3.4,1.8,0.9,0.2,2.0
Kelsey Plum,202000,Core,43,43,35.1,19.5,6.1,14.4,42.2%,3.8,7.9,47.8%,2.3,6.5,35.5%,5.1,5.7,89.3%,0.2,2.8,3.1,5.7,3.0,1.2,0.1,2.7
Paige Bueckers,78831,Rookie,36,36,33.3,19.2,7.2,15.1,47.7%,6.1,11.8,51.8%,1.1,3.3,33.1%,3.8,4.2,88.8%,0.7,3.3,3.9,5.4,2.0,1.6,0.5,2.3
Dearica Hamby,202000,,44,44,31.2,18.4,7.4,12.9,57.2%,7.0,11.6,60.4%,0.3,1.2,27.8%,3.4,5.4,62.7%,2.6,5.4,7.9,3.3,2.7,1.6,0.5,2.7
Allisha Gray,190000,RFA,42,42,34.5,18.4,5.9,13.0,45.1%,3.5,6.9,50.9%,2.3,6.1,38.4%,4.4,5.5,79.9%,0.9,4.5,5.3,3.5,1.8,1.1,0.4,2.6
Breanna Stewart,222400,Core,31,31,30.6,18.3,6.1,13.2,46.1%,5.4,10.4,52.0%,0.7,2.8,24.1%,5.5,6.5,83.7%,1.0,5.5,6.5,3.5,1.9,1.4,1.4,1.9
Nneka Ogwumike,195000,UFA,44,44,30.9,18.3,7.3,14.0,51.9%,5.8,9.9,58.1%,1.5,4.1,36.7%,2.2,2.7,82.2%,1.3,5.7,7.0,2.3,1.9,1.1,0.4,1.9
Sabrina Ionescu,222060,Rookie,38,38,31.4,18.2,6.1,15.1,40.1%,3.9,7.9,49.3%,2.1,7.1,29.9%,4.0,4.3,93.3%,0.8,4.1,4.9,5.7,2.6,1.3,0.4,1.7
Rhyne Howard,91981,Rookie,33,32,34.9,17.5,5.7,15.1,37.5%,2.6,5.5,46.7%,3.1,9.6,32.2%,3.1,3.6,85.6%,0.9,3.5,4.5,4.6,1.7,1.5,0.8,2.9
Jackie Young,169950,,44,44,30.4,16.5,5.9,12.5,47.4%,4.1,7.4,55.4%,1.8,5.1,35.7%,2.9,3.2,89.4%,1.2,3.3,4.5,5.1,2.2,1.3,0.4,2.4
Caitlin Clark,78066,,13,13,31.0,16.5,5.5,15.1,36.7%,3.3,7.1,46.7%,2.2,8.0,27.9%,3.2,3.8,82.0%,0.1,4.9,5.0,8.8,5.1,1.6,0.5,2.7
Satou Sabally,215000,Core,39,39,26.6,16.3,5.3,13.2,40.4%,3.6,7.8,46.1%,1.7,5.4,32.1%,3.9,4.7,82.7%,1.4,4.5,5.9,2.5,2.0,1.3,0.3,2.9
Tina Charles,170000,UFA,43,42,28.4,16.3,6.0,13.8,43.8%,5.8,12.7,45.3%,0.3,1.1,26.1%,3.9,4.6,85.7%,1.4,4.3,5.8,1.7,1.9,0.8,0.4,2.1
Kahleah Copper,248134,Core,28,28,26.9,15.6,5.5,12.9,42.4%,3.4,7.5,45.7%,2.0,5.4,37.7%,2.7,3.1,85.2%,0.4,2.5,2.9,1.5,2.2,1.1,0.2,2.6
Arike Ogunbowale,249032,,29,29,33.3,15.5,5.1,13.9,36.4%,3.4,8.5,40.2%,1.7,5.4,30.4%,3.7,4.0,93.1%,0.3,2.1,2.5,4.1,2.1,1.3,0.2,2.6
Skylar Diggins,214466,UFA,43,43,31.2,15.5,5.3,12.5,42.3%,3.9,8.6,45.0%,1.4,4.0,36.5%,3.5,4.4,78.8%,0.6,1.9,2.5,6.0,2.1,1.2,0.8,2.3
Alyssa Thomas,215000,Core,39,39,31.3,15.4,6.2,11.6,53.2%,6.2,11.5,53.9%,0.0,0.2,0.0%,3.0,4.3,69.2%,1.6,7.2,8.8,9.2,3.5,1.6,0.4,2.1
Aliyah Boston,83371,Rookie,44,44,30.2,15.0,6.2,11.5,53.8%,6.0,10.8,55.8%,0.1,0.7,20.7%,2.5,3.3,76.2%,2.4,5.8,8.2,3.7,1.8,1.2,0.9,3.1
Sonia Citron,78831,Rookie,44,44,32.2,14.9,5.1,10.8,47.0%,3.2,6.6,48.6%,1.8,4.1,44.5%,3.0,3.4,87.2%,0.7,3.3,4.0,2.4,2.1,1.3,0.4,2.1
Rickea Jackson,78066,Rookie,38,37,30.9,14.7,5.4,12.7,42.4%,3.7,7.8,47.3%,1.7,4.9,34.8%,2.2,2.6,84.7%,1.0,2.2,3.2,1.7,2.1,0.6,0.4,1.9
Angel Reese,74909,Rookie,30,30,31.6,14.7,5.1,11.1,45.8%,5.0,10.4,47.8%,0.1,0.7,18.2%,4.3,5.7,75.6%,4.1,8.5,12.6,3.7,3.9,1.5,0.7,3.4
Marina Mabrey,210000,RFA,35,34,31.5,14.4,5.1,13.9,36.7%,3.2,7.0,46.3%,1.9,7.0,27.0%,2.3,2.6,87.0%,0.5,3.7,4.2,4.0,2.8,0.7,0.3,2.9
Kayla McBride,205000,UFA,39,39,31.3,14.2,4.6,11.0,41.6%,1.9,4.3,44.9%,2.6,6.7,39.5%,2.4,2.7,90.5%,0.3,2.0,2.3,3.5,1.7,1.3,0.1,1.4
Brittney Sykes,195000,UFA,39,38,30.6,14.1,4.5,11.7,38.1%,3.7,9.1,40.3%,0.8,2.6,30.4%,4.4,5.6,78.1%,0.5,2.6,3.2,4.0,2.5,1.2,0.4,2.5
Kayla Thornton,132000,,22,22,30.1,14.0,4.5,12.5,36.2%,2.7,6.1,44.8%,1.8,6.5,28.2%,3.1,3.7,82.9%,1.8,5.2,7.0,1.5,1.6,1.3,0.2,2.4
Jonquel Jones,209000,UFA,31,31,26.8,13.6,4.8,9.9,49.0%,3.1,5.8,53.6%,1.7,4.0,42.4%,2.3,2.9,76.9%,1.5,6.6,8.1,2.7,2.1,0.5,1.1,2.5
Courtney Williams,180000,UFA,44,44,28.6,13.6,5.6,13.2,42.7%,4.3,9.8,44.0%,1.3,3.4,38.9%,1.0,1.2,84.9%,0.5,4.4,4.9,6.2,2.3,1.3,0.3,2.0
Kamilla Cardoso,78066,Rookie,40,39,27.6,13.6,5.6,10.6,52.8%,5.6,10.5,52.9%,0.0,0.1,50.0%,2.4,3.3,72.2%,3.0,5.6,8.5,2.5,2.4,0.4,1.2,2.8
Emma Meesseman,75694,UFA,17,12,25.9,13.4,5.4,9.4,57.2%,4.5,8.1,55.8%,0.8,1.2,66.7%,1.9,2.2,86.5%,1.3,3.8,5.1,3.2,2.1,1.2,0.8,1.5
Kiki Iriafen,78831,Rookie,44,44,26.9,13.3,5.0,10.3,48.8%,5.0,10.1,49.5%,0.0,0.3,18.2%,3.1,4.0,78.4%,2.6,6.0,8.5,1.6,2.2,0.6,0.2,2.9
Ariel Atkins,223000,,34,34,28.5,13.1,4.8,10.7,44.4%,3.5,7.2,48.4%,1.3,3.5,36.1%,2.4,2.7,86.0%,0.7,2.7,3.4,3.6,2.5,1.6,0.7,3.0
Brionna Jones,214466,UFA,44,44,26.6,12.8,5.1,9.7,52.7%,4.8,8.7,55.9%,0.3,1.0,26.1%,2.3,3.0,77.3%,3.1,4.2,7.3,2.2,1.5,1.1,0.8,2.5
Azura Stevens,195000,UFA,44,44,28.4,12.8,4.6,9.7,47.8%,3.0,5.3,55.8%,1.7,4.4,38.1%,1.8,2.3,79.0%,1.7,6.3,8.0,2.1,1.5,1.2,1.1,2.2
Maddy Siegrist,83371,Rookie,26,15,27.0,12.7,5.1,10.3,49.1%,4.1,7.2,56.4%,1.0,3.1,32.1%,1.5,2.2,69.0%,2.0,2.3,4.3,0.8,0.5,0.7,0.6,1.9
Shakira Austin,91981,Rookie,38,30,23.0,12.7,5.0,10.8,46.5%,5.0,10.4,47.7%,0.1,0.4,13.3%,2.6,3.8,66.4%,1.5,4.9,6.4,1.8,2.4,1.1,1.1,2.1
Veronica Burton,103831,UFA,44,44,29.4,11.9,3.4,8.8,38.7%,2.0,4.7,42.3%,1.4,4.0,34.5%,3.8,4.3,87.8%,1.1,3.2,4.4,6.0,2.1,1.1,0.6,2.3
Tiffany Hayes,200000,UFA,26,24,26.9,11.7,3.8,9.1,41.8%,2.2,5.2,42.6%,1.6,3.9,40.6%,2.5,3.1,80.0%,0.7,3.2,3.8,3.0,1.9,0.5,0.2,2.2
Gabby Williams,225000,Core,44,44,31.6,11.6,4.5,10.7,42.2%,3.4,6.9,48.5%,1.1,3.7,30.5%,1.5,1.7,85.3%,0.5,3.8,4.3,4.2,1.9,2.3,0.5,1.5
Natasha Howard,214466,UFA,44,44,24.1,11.4,4.5,8.2,55.2%,4.4,7.5,59.0%,0.1,0.8,18.2%,2.1,3.0,71.2%,2.0,4.6,6.6,1.5,1.9,1.2,0.6,2.7
Janelle Salaun,66079,UDFA,36,33,27.0,11.3,4.1,10.1,40.6%,2.3,5.3,44.2%,1.8,4.8,36.6%,1.4,1.7,80.6%,0.9,4.2,5.1,1.2,1.5,0.6,0.1,1.9
Jordin Canada,190000,UFA,28,26,28.0,11.2,3.9,9.8,39.6%,3.0,6.7,44.4%,0.9,3.1,29.1%,2.6,3.4,76.0%,0.3,3.0,3.3,5.7,2.2,1.7,0.3,1.6
Chelsea Gray,196267,UFA,44,44,31.1,11.2,3.8,8.8,43.8%,2.4,4.9,49.3%,1.4,3.9,36.8%,2.1,2.4,88.5%,0.6,3.4,3.9,5.4,2.8,1.4,0.6,2.0
Jewell Loyd,249032,Core,44,25,28.3,11.2,3.8,9.7,38.9%,1.5,3.8,40.0%,2.3,6.0,38.2%,1.3,1.6,83.1%,1.1,2.1,3.2,1.8,1.2,1.2,0.3,1.9
Amy Okonkwo,7774,UFA,8,1,19.6,11.0,3.8,7.6,49.2%,2.5,3.9,64.5%,1.3,3.8,33.3%,2.3,2.5,90.0%,0.9,2.3,3.1,0.8,0.9,1.4,0.1,1.4
Amy Okonkwo,2915,UFA,8,1,19.6,11.0,3.8,7.6,49.2%,2.5,3.9,64.5%,1.3,3.8,33.3%,2.3,2.5,90.0%,0.9,2.3,3.1,0.8,0.9,1.4,0.1,1.4
Courtney Vandersloot,185000,UFA,7,7,27.2,10.6,4.1,9.4,43.9%,3.4,6.1,55.8%,0.7,3.3,21.7%,1.6,1.9,84.6%,0.3,2.9,3.1,5.3,2.4,1.6,0.3,1.9
Cecilia Zandalasini,100000,SuspCE,19,10,23.7,10.5,3.5,7.9,44.7%,1.6,3.1,50.8%,1.9,4.8,40.7%,1.5,1.7,87.5%,0.3,2.7,2.9,1.7,1.3,0.9,0.2,1.7
Leila Lacan,72455,,25,15,26.6,10.4,4.2,8.7,47.7%,3.6,6.0,58.9%,0.6,2.7,22.4%,1.4,1.7,85.7%,0.7,1.7,2.4,3.7,1.9,2.2,0.2,3.3
Erica Wheeler,78831,UFA,44,24,25.6,10.3,3.8,9.5,40.0%,2.1,4.9,42.6%,1.7,4.6,37.3%,1.0,1.1,86.0%,0.4,2.3,2.7,3.3,1.5,1.3,0.2,2.5
Natasha Cloud,200000,UFA,41,41,29.0,10.1,3.7,8.5,43.3%,2.4,4.8,50.8%,1.3,3.8,33.8%,1.5,1.7,87.0%,0.3,3.3,3.7,5.1,1.9,1.2,0.3,2.9
Odyssey Sims,54622,UFA,24,21,28.0,10.1,3.7,9.0,41.4%,2.8,6.3,45.0%,0.9,2.7,32.8%,1.8,2.3,78.2%,0.4,2.0,2.4,3.8,1.4,0.7,0.0,2.0
Odyssey Sims,13911,UFA,24,21,28.0,10.1,3.7,9.0,41.4%,2.8,6.3,45.0%,0.9,2.7,32.8%,1.8,2.3,78.2%,0.4,2.0,2.4,3.8,1.4,0.7,0.0,2.0
Odyssey Sims,7949,UFA,24,21,28.0,10.1,3.7,9.0,41.4%,2.8,6.3,45.0%,0.9,2.7,32.8%,1.8,2.3,78.2%,0.4,2.0,2.4,3.8,1.4,0.7,0.0,2.0
DeWanna Bonner,72269,UFA,33,4,23.6,9.8,3.2,7.8,40.9%,2.0,4.2,47.4%,1.2,3.6,33.3%,2.3,2.6,87.2%,0.9,3.3,4.2,1.2,0.8,0.8,0.3,1.3
DeWanna Bonner,63721,UFA,33,4,23.6,9.8,3.2,7.8,40.9%,2.0,4.2,47.4%,1.2,3.6,33.3%,2.3,2.6,87.2%,0.9,3.3,4.2,1.2,0.8,0.8,0.3,1.3
Aari McDonald,52333,UFA,20,13,26.3,9.8,3.3,7.7,42.9%,2.1,3.8,55.3%,1.2,3.9,30.8%,2.0,2.6,78.4%,0.5,1.9,2.4,4.7,2.3,1.3,0.2,2.5
Aari McDonald,6459,Hardship,20,13,26.3,9.8,3.3,7.7,42.9%,2.1,3.8,55.3%,1.2,3.9,30.8%,2.0,2.6,78.4%,0.5,1.9,2.4,4.7,2.3,1.3,0.2,2.5
Brittney Griner,214466,UFA,39,25,20.8,9.8,4.0,7.7,51.8%,3.9,7.2,53.5%,0.1,0.5,26.3%,1.7,2.2,76.5%,0.9,4.3,5.2,0.8,1.5,0.1,1.2,1.9
DiJonai Carrington,200000,RFA,31,14,21.9,9.8,3.5,8.9,38.6%,2.7,6.6,41.0%,0.7,2.3,31.9%,2.1,2.6,80.5%,1.5,2.5,4.0,1.5,1.9,1.1,0.4,2.5
Alanna Smith,150000,UFA,42,42,26.5,9.6,3.8,7.9,48.5%,2.5,4.0,63.3%,1.3,3.8,32.9%,0.7,1.5,47.7%,1.5,3.5,5.1,2.9,1.5,1.3,1.9,2.8
Iliana Rupert,32207,Rookie,21,11,23.2,9.3,3.2,7.3,43.8%,1.0,2.3,42.9%,2.2,5.0,44.2%,0.7,0.8,93.8%,1.0,2.9,3.9,1.6,1.0,0.6,0.6,2.3
Sami Whitcomb,125000,UFA,43,20,23.9,9.1,3.0,7.8,38.5%,1.0,2.3,44.3%,2.0,5.5,36.1%,1.1,1.3,85.2%,0.4,2.3,2.6,2.5,1.6,0.8,0.2,2.1
Natisha Hiedeman,135000,UFA,44,0,18.9,9.1,3.4,7.0,49.3%,2.4,4.1,57.7%,1.0,2.8,37.1%,1.2,1.5,76.1%,0.3,1.6,1.9,2.8,1.2,0.7,0.2,1.6
Rachel Banham,95000,UFA,44,33,24.6,9.0,2.9,7.7,38.2%,1.0,2.2,44.3%,2.0,5.5,35.7%,1.2,1.3,88.1%,0.1,1.5,1.7,2.7,1.6,0.6,0.3,1.9
Bria Hartley,78831,UFA,38,32,22.8,8.9,2.8,7.7,36.2%,1.4,3.8,35.6%,1.4,3.9,36.7%,1.9,2.4,77.2%,0.3,1.7,2.0,3.1,1.8,0.8,0.0,2.5
Saniya Rivers,75643,Rookie,42,25,26.1,8.8,3.4,8.3,40.7%,2.4,5.3,44.4%,1.0,3.0,34.1%,1.0,1.4,74.6%,0.7,2.1,2.8,2.7,1.5,1.5,0.9,1.7
Leonie Fiebich,68595,,37,37,28.1,8.7,2.9,6.0,48.9%,1.5,2.7,56.4%,1.4,3.2,42.5%,1.5,1.7,87.1%,0.6,2.9,3.5,1.7,1.2,0.9,0.4,2.4
Naz Hillmon,80823,Rookie,44,17,25.5,8.6,3.2,6.8,46.3%,2.0,3.1,63.7%,1.2,3.8,32.1%,1.1,1.3,83.1%,1.6,4.6,6.2,2.4,1.1,0.5,0.4,1.7
Sophie Cunningham,100000,RFA,30,13,25.2,8.6,2.7,5.8,46.9%,1.0,1.9,54.4%,1.7,3.9,43.2%,1.4,1.6,87.5%,0.5,3.0,3.5,1.2,1.1,1.0,0.1,2.2
Elizabeth Williams,100000,UFA,43,15,21.1,8.5,3.7,7.6,48.0%,3.7,7.6,48.0%,0.0,0.0,--,1.2,1.9,61.7%,1.8,3.3,5.2,1.8,1.3,0.7,0.9,1.4
Olivia Nelson-Ododa,80823,Rookie,37,21,21.6,8.2,3.1,5.8,52.6%,3.0,5.8,52.6%,0.0,0.1,50.0%,2.1,3.0,70.3%,1.6,3.4,5.0,0.9,1.1,0.7,1.2,2.4
Kennedy Burke,78831,UFA,36,9,21.6,8.1,2.8,6.1,46.8%,1.6,3.0,52.3%,1.3,3.1,41.4%,1.1,1.5,75.9%,0.6,1.8,2.4,1.3,0.9,0.8,0.4,1.3
Ezi Magbegor,186000,Reserved,44,44,27.3,8.0,3.2,6.5,49.3%,2.9,5.4,53.4%,0.3,1.1,29.2%,1.3,1.9,68.7%,1.9,4.3,6.2,2.1,1.0,0.7,2.2,2.9
Cheyenne Parker-Tyus,78831,UFA,2,0,7.0,8.0,2.5,4.0,62.5%,2.0,3.0,66.7%,0.5,1.0,50.0%,2.5,3.0,83.3%,0.0,1.0,1.0,0.0,0.5,0.0,0.0,1.0
Jessica Shepard,78831,SuspCE,40,12,20.9,8.0,3.3,5.2,63.8%,3.3,5.2,64.1%,0.0,0.0,0.0%,1.4,2.6,54.4%,2.3,5.0,7.3,2.6,1.5,0.5,0.1,1.1
Dominique Malonga,78831,Rookie,42,0,14.3,7.7,3.5,6.3,55.1%,3.4,5.8,57.6%,0.1,0.4,22.2%,0.7,1.2,56.9%,1.3,3.4,4.6,0.9,1.1,0.4,0.7,2.1
Monique Akoa Makani,66079,UDFA,41,40,21.5,7.7,2.8,6.5,43.0%,1.6,3.5,45.8%,1.2,3.0,39.8%,0.9,1.0,92.7%,0.6,1.6,2.2,2.7,1.3,0.8,0.1,2.5
Aneesah Morrow,75643,Rookie,41,23,18.9,7.7,2.7,7.3,37.5%,2.3,5.5,42.0%,0.4,1.8,24.0%,1.8,2.3,75.8%,2.0,4.8,6.9,0.5,1.1,0.8,0.4,2.0
NaLyssa Smith,91981,Rookie,45,41,21.2,7.6,3.0,5.9,50.4%,2.8,5.3,52.7%,0.2,0.6,29.6%,1.5,2.4,61.1%,1.6,3.5,5.1,0.7,1.1,0.6,0.6,2.9
Myisha Hines-Allen,203000,UFA,40,20,22.1,7.6,2.8,6.3,44.8%,2.4,4.8,50.5%,0.4,1.5,26.7%,1.6,2.1,74.7%,1.5,4.6,6.0,2.9,2.2,0.8,0.5,2.5
Rae Burrell,137500,UFA,28,1,18.4,7.5,2.8,6.4,43.3%,2.0,4.0,49.5%,0.8,2.4,32.8%,1.3,1.7,74.5%,0.6,1.7,2.3,1.2,0.9,0.6,0.2,1.3
Aziaha James,72455,Rookie,38,8,17.7,7.5,2.8,7.5,37.3%,1.9,4.5,43.0%,0.8,2.9,28.6%,1.1,1.4,74.5%,0.9,2.0,2.9,1.6,1.0,0.6,0.2,1.2
Jacy Sheldon,74909,Rookie,30,17,23.6,7.5,2.8,5.9,46.6%,1.6,2.9,54.0%,1.2,3.0,39.6%,0.7,0.8,88.0%,0.7,1.2,1.9,1.9,1.0,0.9,0.2,2.4
Aerial Powers,0,UFA,10,0,16.7,7.4,2.7,6.5,41.5%,2.0,4.6,43.5%,0.7,1.9,36.8%,1.3,1.9,68.4%,1.0,2.9,3.9,2.0,1.1,0.8,0.1,1.9
Aerial Powers,11924,UFA,10,0,16.7,7.4,2.7,6.5,41.5%,2.0,4.6,43.5%,0.7,1.9,36.8%,1.3,1.9,68.4%,1.0,2.9,3.9,2.0,1.1,0.8,0.1,1.9
Aerial Powers,9274,Hardship,10,0,16.7,7.4,2.7,6.5,41.5%,2.0,4.6,43.5%,0.7,1.9,36.8%,1.3,1.9,68.4%,1.0,2.9,3.9,2.0,1.1,0.8,0.1,1.9
Aerial Powers,3975,Hardship,10,0,16.7,7.4,2.7,6.5,41.5%,2.0,4.6,43.5%,0.7,1.9,36.8%,1.3,1.9,68.4%,1.0,2.9,3.9,2.0,1.1,0.8,0.1,1.9
Temi Fagbenle,90000,Reserved,39,38,23.7,7.4,3.2,6.4,50.2%,2.9,4.8,60.4%,0.3,1.6,19.4%,0.7,0.9,72.2%,1.8,3.1,4.9,1.6,1.5,0.9,0.6,3.1
Sug Sutton,93831,Reserved,43,43,26.1,7.4,2.8,6.6,42.2%,1.8,3.8,47.2%,1.0,2.8,35.3%,0.9,1.1,77.1%,0.2,1.6,1.8,3.9,1.9,0.8,0.1,1.3
Monique Billings,110000,UFA,26,8,18.2,7.3,2.8,5.8,47.7%,2.4,4.4,53.9%,0.4,1.4,27.8%,1.4,2.0,67.9%,1.4,3.0,4.5,0.5,0.8,0.6,0.8,1.7
Haley Jones,36094,UFA,28,16,21.2,7.3,3.0,6.7,45.2%,2.6,5.3,49.0%,0.4,1.4,30.8%,0.8,1.3,62.9%,0.6,2.9,3.5,2.3,1.7,0.8,0.8,2.3
Haley Jones,5553,Hardship,28,16,21.2,7.3,3.0,6.7,45.2%,2.6,5.3,49.0%,0.4,1.4,30.8%,0.8,1.3,62.9%,0.6,2.9,3.5,2.3,1.7,0.8,0.8,2.3
Haley Jones,4998,Hardship,28,16,21.2,7.3,3.0,6.7,45.2%,2.6,5.3,49.0%,0.4,1.4,30.8%,0.8,1.3,62.9%,0.6,2.9,3.5,2.3,1.7,0.8,0.8,2.3
Carla Leite,72455,,37,6,17.2,7.2,2.3,6.0,38.7%,2.0,4.0,49.7%,0.4,2.0,17.3%,2.2,2.7,83.8%,0.2,1.1,1.3,2.0,1.5,0.7,0.1,1.5
Lexie Hull,88261,Rookie,44,30,27.0,7.2,2.7,6.8,39.5%,1.4,3.4,42.3%,1.3,3.4,36.7%,0.6,0.8,72.2%,1.4,2.9,4.3,1.8,0.9,1.2,0.2,2.8
Kia Nurse,145000,UFA,44,18,21.9,7.2,2.3,6.6,35.4%,1.0,2.5,38.5%,1.4,4.1,33.5%,1.1,1.4,79.0%,0.4,1.9,2.3,1.3,1.3,0.3,0.0,1.6
Luisa Geiselsoder,66079,UFA,28,24,22.4,6.9,2.7,6.4,42.5%,1.6,3.0,52.9%,1.1,3.4,33.0%,0.3,0.4,81.8%,0.9,3.9,4.8,1.6,1.0,0.8,0.7,2.4
Dana Evans,89000,RFA,44,1,17.7,6.6,2.4,6.2,39.1%,1.6,3.9,40.5%,0.8,2.3,36.6%,0.9,1.2,75.5%,0.2,0.9,1.1,2.2,0.8,0.4,0.1,1.3
Bridget Carleton,125000,UFA,44,44,27.9,6.5,2.3,5.8,40.2%,0.9,1.9,45.9%,1.4,3.8,37.3%,0.4,0.6,72.0%,0.9,2.7,3.6,2.0,0.8,0.8,0.3,1.9
JJ Quinerly,66079,Rookie,34,13,15.9,6.5,2.4,5.5,42.6%,1.7,3.9,44.0%,0.6,1.6,38.9%,1.1,1.3,86.7%,0.5,1.3,1.9,2.3,1.5,0.9,0.2,2.1
Marine Johannes,66079,UFA,44,5,18.3,6.4,2.3,5.7,39.7%,0.8,1.4,55.6%,1.5,4.3,34.4%,0.4,0.4,84.2%,0.3,1.6,1.9,1.6,1.2,0.6,0.3,1.0
Kaila Charles,21198,UFA,35,12,17.6,6.4,2.3,5.4,42.0%,1.5,3.3,46.6%,0.7,2.1,34.7%,1.1,1.4,81.6%,1.3,2.9,4.3,1.0,1.1,0.8,0.2,2.0
Kaila Charles,13911,UFA,35,12,17.6,6.4,2.3,5.4,42.0%,1.5,3.3,46.6%,0.7,2.1,34.7%,1.1,1.4,81.6%,1.3,2.9,4.3,1.0,1.1,0.8,0.2,2.0
Kaila Charles,13911,UFA,35,12,17.6,6.4,2.3,5.4,42.0%,1.5,3.3,46.6%,0.7,2.1,34.7%,1.1,1.4,81.6%,1.3,2.9,4.3,1.0,1.1,0.8,0.2,2.0
Kaila Charles,6956,Hardship,35,12,17.6,6.4,2.3,5.4,42.0%,1.5,3.3,46.6%,0.7,2.1,34.7%,1.1,1.4,81.6%,1.3,2.9,4.3,1.0,1.1,0.8,0.2,2.0
Kate Martin,68595,Rookie,42,4,16.4,6.2,2.0,6.3,32.3%,0.7,2.0,35.4%,1.4,4.4,31.0%,0.8,1.0,78.0%,0.5,2.2,2.7,1.0,0.8,0.4,0.1,1.1
Li Yueru,66079,,31,12,16.8,6.0,2.0,4.9,40.5%,1.4,3.2,42.9%,0.6,1.8,36.4%,1.4,1.6,86.0%,1.7,2.9,4.5,0.9,1.0,0.3,0.3,1.8
Kitija Laksa,80000,UFA,33,5,19.0,5.9,2.0,5.5,36.7%,0.8,1.8,46.7%,1.2,3.6,31.7%,0.8,1.0,81.3%,0.3,0.9,1.2,0.6,0.6,0.4,0.2,1.5
Jade Melbourne,66710,,43,12,23.4,5.9,2.1,5.2,40.0%,1.5,3.0,49.2%,0.6,2.2,27.4%,1.1,1.7,67.1%,0.4,1.5,1.9,2.9,1.7,0.6,0.2,2.3
Michaela Onyenwere,125000,RFA,42,22,16.9,5.8,2.1,5.0,42.2%,1.5,3.4,45.5%,0.6,1.6,35.3%,1.0,1.2,84.3%,0.4,1.2,1.6,1.1,1.3,0.4,0.1,1.8
Te-Hina Paopao,69267,Rookie,43,15,16.7,5.8,2.2,5.1,44.0%,1.0,2.0,52.3%,1.2,3.1,38.6%,0.2,0.3,53.8%,0.2,1.4,1.6,2.4,1.0,0.5,0.2,1.1
Teaira McCowan,201400,RFA,17,0,12.9,5.6,2.1,3.9,53.7%,2.1,3.8,53.8%,0.1,0.1,50.0%,1.3,1.7,75.9%,1.8,2.8,4.6,0.6,0.9,0.3,0.7,1.4
Nyara Sabally,79999,Rookie,17,10,17.9,5.4,2.2,4.5,48.7%,2.1,4.1,52.2%,0.1,0.4,14.3%,1.0,1.5,68.0%,1.6,2.9,4.5,0.8,0.9,0.5,1.0,2.2
Maya Caldwell,66079,Reserved,41,16,18.5,5.4,2.0,4.8,42.6%,1.1,2.1,51.8%,1.0,2.7,35.5%,0.4,0.5,80.0%,0.8,2.3,3.1,1.8,1.0,0.9,0.2,1.6
Aaliyah Edwards,74909,Rookie,36,0,14.8,5.4,1.9,4.3,44.8%,1.9,4.0,47.6%,0.0,0.3,0.0%,1.6,2.4,64.4%,1.3,2.4,3.7,0.6,1.1,0.6,0.4,1.6
Julie Allemand,85000,SuspCE,34,27,28.3,5.4,2.1,4.7,44.0%,1.2,1.7,72.4%,0.8,3.0,27.7%,0.4,0.6,78.9%,0.4,3.4,3.7,5.0,1.6,1.3,0.0,1.6
Laeticia Amihere,53307,UFA,29,0,13.3,5.4,1.8,3.9,45.6%,1.7,3.2,52.7%,0.1,0.7,14.3%,1.7,2.2,77.8%,1.2,3.1,4.3,0.9,1.1,0.6,0.4,1.2
Lexi Held,66079,UFA,32,0,14.7,5.3,1.9,5.1,37.8%,1.1,2.3,46.6%,0.9,2.8,30.8%,0.6,0.7,81.8%,0.3,0.7,1.1,1.1,0.9,0.7,0.2,1.2
Kathryn Westbeld,66079,UFA,43,24,18.4,5.1,1.8,5.0,35.8%,0.8,2.0,41.7%,1.0,3.0,32.1%,0.6,0.7,78.1%,0.7,1.8,2.5,0.9,0.6,0.8,0.6,1.5
Shey Peddy,13911,Hardship,15,5,17.6,5.1,1.8,3.7,49.1%,0.7,1.3,55.0%,1.1,2.3,45.7%,0.5,0.6,77.8%,0.5,1.2,1.7,2.1,0.9,0.4,0.0,1.3
Shey Peddy,9440,Hardship,15,5,17.6,5.1,1.8,3.7,49.1%,0.7,1.3,55.0%,1.1,2.3,45.7%,0.5,0.6,77.8%,0.5,1.2,1.7,2.1,0.9,0.4,0.0,1.3
Shey Peddy,1987,Hardship,15,5,17.6,5.1,1.8,3.7,49.1%,0.7,1.3,55.0%,1.1,2.3,45.7%,0.5,0.6,77.8%,0.5,1.2,1.7,2.1,0.9,0.4,0.0,1.3
Rebecca Allen,160000,UFA,44,17,18.7,5.1,1.9,5.5,34.2%,0.9,2.5,37.0%,1.0,3.0,31.8%,0.4,0.7,61.3%,0.4,2.2,2.6,1.3,0.9,0.5,0.5,1.4
Kalani Brown,128750,UFA,29,1,12.8,5.1,2.0,3.3,61.5%,1.9,3.0,63.6%,0.1,0.3,37.5%,0.9,1.2,77.1%,1.2,2.8,4.0,0.6,0.8,0.2,0.6,1.6
Cameron Brink,78066,Rookie,19,0,12.9,5.1,1.8,4.3,42.7%,1.3,2.5,52.1%,0.5,1.8,29.4%,0.8,1.1,76.2%,1.4,2.9,4.3,0.5,1.3,0.5,1.4,2.5
Isabelle Harrison,78831,UFA,34,1,10.6,4.9,1.9,3.9,48.5%,1.8,3.5,51.3%,0.1,0.4,26.7%,1.0,1.3,76.7%,0.9,1.8,2.6,0.7,0.7,0.6,0.1,1.3
Chloe Bibby,23322,UFA,14,0,11.0,4.8,1.5,3.9,38.2%,0.3,0.9,30.8%,1.2,3.0,40.5%,0.6,0.6,88.9%,0.4,1.4,1.8,0.5,0.5,0.6,0.1,0.9
Chloe Bibby,9995,UFA,14,0,11.0,4.8,1.5,3.9,38.2%,0.3,0.9,30.8%,1.2,3.0,40.5%,0.6,0.6,88.9%,0.4,1.4,1.8,0.5,0.5,0.6,0.1,0.9
Chloe Bibby,3887,UFA,14,0,11.0,4.8,1.5,3.9,38.2%,0.3,0.9,30.8%,1.2,3.0,40.5%,0.6,0.6,88.9%,0.4,1.4,1.8,0.5,0.5,0.6,0.1,0.9
Natasha Mack,116079,Reserved,34,23,18.3,4.7,2.1,3.6,57.3%,2.1,3.5,59.2%,0.0,0.1,0.0%,0.5,1.1,47.2%,2.3,3.5,5.8,0.9,0.4,0.9,1.5,1.6
Damiris Dantas,100000,UFA,38,0,11.5,4.6,1.7,4.8,34.8%,1.0,2.3,44.2%,0.7,2.5,26.3%,0.6,0.7,85.7%,0.7,1.7,2.4,0.7,0.8,0.2,0.1,1.5
Tyasha Harris,100013,,5,0,16.5,4.6,1.6,3.6,44.4%,0.6,1.4,42.9%,1.0,2.2,45.5%,0.4,0.4,100.0%,0.2,0.8,1.0,2.6,0.6,0.4,0.4,1.0
Emma Cannon,116331,UFA,21,0,10.1,4.4,1.5,3.0,50.8%,0.9,1.3,66.7%,0.7,1.7,38.9%,0.7,1.1,65.2%,0.5,1.3,1.8,0.4,0.8,0.5,0.0,1.7
Maria Kliundikova,54418,UFA,34,1,11.0,4.4,1.9,3.8,50.0%,1.6,3.0,54.4%,0.2,0.7,32.0%,0.4,0.6,57.1%,1.3,1.7,3.0,0.6,0.7,0.7,0.8,1.4
Christyn Williams,6802,Hardship,4,0,11.2,4.3,1.5,4.0,37.5%,1.3,3.0,41.7%,0.3,1.0,25.0%,1.0,1.5,66.7%,0.5,0.5,1.0,0.8,0.3,0.0,0.0,1.0
Christyn Williams,833,Hardship,4,0,11.2,4.3,1.5,4.0,37.5%,1.3,3.0,41.7%,0.3,1.0,25.0%,1.0,1.5,66.7%,0.5,0.5,1.0,0.8,0.3,0.0,0.0,1.0
Kierstan Bell,84543,Rookie,35,16,12.2,4.2,1.5,4.4,34.0%,0.6,1.5,43.1%,0.9,2.9,29.4%,0.3,0.4,80.0%,0.6,1.2,1.8,0.7,0.5,0.4,0.3,0.9
Maddy Westbeld,69267,Rookie,26,1,13.6,4.1,1.5,4.0,36.2%,0.8,2.4,33.9%,0.7,1.7,39.5%,0.5,0.6,87.5%,0.8,1.6,2.4,0.9,0.6,0.5,0.3,1.6
Kiana Williams,12772,UFA,11,0,9.7,4.1,1.5,3.6,42.5%,0.7,1.3,57.1%,0.8,2.4,34.6%,0.2,0.4,50.0%,0.0,1.0,1.0,0.9,0.5,0.3,0.0,0.5
Kiana Williams,11661,UFA,11,0,9.7,4.1,1.5,3.6,42.5%,0.7,1.3,57.1%,0.8,2.4,34.6%,0.2,0.4,50.0%,0.0,1.0,1.0,0.9,0.5,0.3,0.0,0.5
Kiana Williams,9440,UFA,11,0,9.7,4.1,1.5,3.6,42.5%,0.7,1.3,57.1%,0.8,2.4,34.6%,0.2,0.4,50.0%,0.0,1.0,1.0,0.9,0.5,0.3,0.0,0.5
Lucy Olsen,69267,Rookie,41,0,12.4,4.0,1.6,3.9,41.5%,1.1,2.2,52.8%,0.5,1.7,27.1%,0.3,0.4,82.4%,0.3,0.9,1.2,1.2,0.5,0.4,0.1,1.1
Diamond Miller,83371,,40,1,10.9,4.0,1.4,3.4,40.3%,0.9,2.1,44.6%,0.4,1.3,33.3%,0.9,1.2,76.1%,0.3,1.0,1.3,0.8,0.9,0.3,0.2,1.6
Alysha Clark,205908,UFA,42,15,19.7,3.9,1.4,3.8,37.1%,0.8,1.5,52.4%,0.6,2.3,27.1%,0.5,0.6,73.1%,0.4,2.4,2.8,1.2,0.5,0.6,0.1,1.9
Nia Coffey,150000,UFA,44,2,10.3,3.9,1.3,3.3,37.4%,0.7,1.5,47.7%,0.5,1.9,29.3%,0.8,1.1,72.0%,0.6,2.0,2.6,1.0,0.7,0.2,0.4,1.1
Aaliyah Nye,69267,Rookie,44,2,15.3,3.8,1.3,3.9,34.5%,0.5,1.2,41.5%,0.8,2.7,31.4%,0.3,0.4,82.4%,0.3,1.2,1.5,0.5,0.6,0.3,0.2,1.3
Stefanie Dolson,170000,UFA,43,14,15.2,3.7,1.4,3.3,42.3%,0.8,1.6,49.3%,0.6,1.7,36.0%,0.3,0.5,70.0%,0.4,1.9,2.3,1.4,0.7,0.3,0.3,2.3
Rebekah Gardner,66079,Reserved,41,5,12.2,3.7,1.3,2.7,50.0%,0.9,1.7,51.5%,0.5,1.0,47.6%,0.5,0.7,81.5%,0.7,1.1,1.8,0.6,0.6,0.6,0.2,1.5
Jaelyn Brown,42757,UFA,10,0,13.1,3.7,1.4,3.7,37.8%,0.6,1.9,31.6%,0.8,1.8,44.4%,0.1,0.2,50.0%,0.4,0.8,1.2,0.1,0.5,0.5,0.2,1.7
Emily Engstler,81079,Reserved,40,0,12.8,3.7,1.3,3.4,39.6%,0.9,1.8,52.1%,0.4,1.6,25.4%,0.6,0.9,66.7%,0.9,2.3,3.3,1.5,1.0,0.7,0.7,1.3
Hailey Van Lith,72455,Rookie,29,0,12.4,3.5,1.3,3.8,33.9%,1.1,2.7,41.0%,0.2,1.1,16.1%,0.8,1.1,74.2%,0.1,0.9,1.1,1.6,1.2,0.4,0.1,0.8
Zia Cooke,66079,UFA,26,0,10.0,3.5,1.2,3.2,35.7%,0.6,1.8,32.6%,0.6,1.5,39.5%,0.6,0.9,65.2%,0.2,0.3,0.5,0.5,0.8,0.4,0.0,1.0
Zia Cooke,13882,UFA,26,0,10.0,3.5,1.2,3.2,35.7%,0.6,1.8,32.6%,0.6,1.5,39.5%,0.6,0.9,65.2%,0.2,0.3,0.5,0.5,0.8,0.4,0.0,1.0
Grace Berger,17214,UFA,19,13,22.0,3.4,1.4,4.7,29.2%,1.3,3.5,36.4%,0.1,1.2,8.7%,0.5,0.8,66.7%,0.6,2.7,3.3,3.1,1.1,0.7,0.4,1.9
Grace Berger,11661,Hardship,19,13,22.0,3.4,1.4,4.7,29.2%,1.3,3.5,36.4%,0.1,1.2,8.7%,0.5,0.8,66.7%,0.6,2.7,3.3,3.1,1.1,0.7,0.4,1.9
Grace Berger,1666,Hardship,19,13,22.0,3.4,1.4,4.7,29.2%,1.3,3.5,36.4%,0.1,1.2,8.7%,0.5,0.8,66.7%,0.6,2.7,3.3,3.1,1.1,0.7,0.4,1.9
Murjanatu Musa,31096,UDFA,12,0,10.1,3.3,1.3,2.9,45.7%,1.3,2.8,45.5%,0.1,0.2,50.0%,0.6,0.9,63.6%,1.5,1.1,2.6,0.6,0.6,0.3,0.2,1.4
Karlie Samuelson,118450,UFA,16,4,14.2,3.3,0.9,2.6,33.3%,0.1,0.5,25.0%,0.8,2.1,35.3%,0.8,0.9,92.9%,0.2,1.1,1.3,1.1,0.7,0.4,0.1,1.6
Tiffany Mitchell,42397,UFA,39,3,13.1,3.2,1.0,2.6,39.2%,0.7,1.8,40.3%,0.3,0.8,36.7%,0.9,1.2,74.5%,0.3,0.8,1.1,0.3,0.6,0.4,0.2,1.3
Tiffany Mitchell,40789,UFA,39,3,13.1,3.2,1.0,2.6,39.2%,0.7,1.8,40.3%,0.3,0.8,36.7%,0.9,1.2,74.5%,0.3,0.8,1.1,0.3,0.6,0.4,0.2,1.3
Sevgi Uzun,25543,UFA,25,3,17.6,3.1,1.2,3.8,32.6%,1.0,2.6,40.0%,0.2,1.2,16.7%,0.4,0.6,68.8%,0.0,1.2,1.2,2.5,1.7,0.5,0.1,1.5
Sevgi Uzun,11106,Reserved,25,3,17.6,3.1,1.2,3.8,32.6%,1.0,2.6,40.0%,0.2,1.2,16.7%,0.4,0.6,68.8%,0.0,1.2,1.2,2.5,1.7,0.5,0.1,1.5
Sarah Ashlee Barker,72455,Rookie,34,8,14.1,3.1,1.0,3.1,33.7%,0.5,1.3,39.5%,0.5,1.8,29.5%,0.5,0.7,70.8%,0.3,1.6,1.9,0.9,1.1,0.3,0.1,1.3
Megan Gustafson,96820,UFA,20,1,11.3,3.0,1.0,2.9,35.1%,0.4,0.9,38.9%,0.7,2.0,33.3%,0.4,0.8,46.7%,0.4,1.4,1.8,0.3,0.3,0.2,0.3,2.1
Megan McConnell,31096,UFA,1,0,12.6,3.0,1.0,4.0,25.0%,0.0,2.0,0.0%,1.0,2.0,50.0%,0.0,0.0,--,1.0,0.0,1.0,3.0,0.0,1.0,0.0,1.0
Stephanie Talbot,125000,UFA,38,10,14.2,2.9,1.0,2.7,37.5%,0.6,1.3,47.9%,0.4,1.5,28.6%,0.5,0.7,64.3%,0.7,2.0,2.7,1.7,1.1,0.5,0.2,1.1
Stephanie Talbot,35110,UFA,38,10,14.2,2.9,1.0,2.7,37.5%,0.6,1.3,47.9%,0.4,1.5,28.6%,0.5,0.7,64.3%,0.7,2.0,2.7,1.7,1.1,0.5,0.2,1.1
Julie Vanloo,66079,Rookie,35,2,12.8,2.8,0.9,3.2,29.7%,0.2,0.5,42.1%,0.7,2.6,27.2%,0.2,0.3,80.0%,0.1,0.8,0.9,1.9,1.4,0.4,0.0,1.3
Liatu King,16659,Hardship,14,0,9.7,2.7,0.9,1.9,48.1%,0.9,1.5,57.1%,0.1,0.4,16.7%,0.8,1.1,73.3%,0.9,1.2,2.1,0.3,0.8,0.1,0.0,1.0
Liatu King,4998,UFA,14,0,9.7,2.7,0.9,1.9,48.1%,0.9,1.5,57.1%,0.1,0.4,16.7%,0.8,1.1,73.3%,0.9,1.2,2.1,0.3,0.8,0.1,0.0,1.0
Makayla Timpson,69267,Rookie,31,0,7.1,2.6,1.0,1.8,56.1%,1.0,1.8,56.1%,0.0,0.0,--,0.6,0.9,66.7%,0.6,1.3,1.8,0.0,0.3,0.4,0.3,0.8
Lindsay Allen,90000,UFA,31,9,14.5,2.4,0.8,2.1,40.0%,0.7,1.5,48.9%,0.1,0.6,16.7%,0.6,0.7,82.6%,0.3,0.7,1.0,2.0,1.0,0.3,0.2,1.2
Sydney Colson,90000,UFA,30,6,13.5,2.4,0.9,2.5,34.2%,0.4,1.0,44.8%,0.4,1.6,27.7%,0.2,0.2,85.7%,0.2,0.6,0.8,2.0,1.2,0.5,0.2,1.1
Alissa Pili,37769,,19,0,5.2,2.3,0.7,1.5,46.4%,0.5,0.8,56.3%,0.2,0.6,33.3%,0.7,0.8,86.7%,0.2,0.8,1.0,0.2,0.4,0.1,0.1,0.7
Alissa Pili,11661,UFA,19,0,5.2,2.3,0.7,1.5,46.4%,0.5,0.8,56.3%,0.2,0.6,33.3%,0.7,0.8,86.7%,0.2,0.8,1.0,0.2,0.4,0.1,0.1,0.7
Alissa Pili,10550,UFA,19,0,5.2,2.3,0.7,1.5,46.4%,0.5,0.8,56.3%,0.2,0.6,33.3%,0.7,0.8,86.7%,0.2,0.8,1.0,0.2,0.4,0.1,0.1,0.7
Lexie Brown,96408,UFA,24,0,9.4,2.1,0.7,2.0,35.4%,0.3,0.5,63.6%,0.4,1.5,27.0%,0.3,0.4,70.0%,0.1,0.6,0.7,1.0,0.3,0.4,0.0,0.8
Haley Peters,39747,UFA,33,2,11.5,2.1,0.8,2.5,30.5%,0.5,1.3,39.5%,0.2,1.2,20.5%,0.3,0.4,76.9%,0.8,1.5,2.2,0.8,0.7,0.3,0.1,1.5
Haley Peters,25173,UFA,33,2,11.5,2.1,0.8,2.5,30.5%,0.5,1.3,39.5%,0.2,1.2,20.5%,0.3,0.4,76.9%,0.8,1.5,2.2,0.8,0.7,0.3,0.1,1.5
Haley Peters,13911,UFA,33,2,11.5,2.1,0.8,2.5,30.5%,0.5,1.3,39.5%,0.2,1.2,20.5%,0.3,0.4,76.9%,0.8,1.5,2.2,0.8,0.7,0.3,0.1,1.5
Alexis Prince,3975,UFA,1,0,22.1,2.0,1.0,3.0,33.3%,1.0,2.0,50.0%,0.0,1.0,0.0%,0.0,0.0,--,0.0,8.0,8.0,1.0,3.0,0.0,0.0,1.0
Kaitlyn Chen,49420,UFA,24,0,10.3,2.0,0.8,2.1,38.0%,0.6,1.5,40.0%,0.2,0.6,33.3%,0.2,0.3,71.4%,0.2,0.7,0.9,1.0,0.8,0.2,0.0,0.7
Mamignan Touré,17769,UFA,18,0,8.2,2.0,0.8,2.2,35.9%,0.3,0.9,35.3%,0.4,1.2,36.4%,0.0,0.0,--,0.2,0.2,0.4,0.5,0.4,0.4,0.0,1.1
Mamignan Touré,11661,UFA,18,0,8.2,2.0,0.8,2.2,35.9%,0.3,0.9,35.3%,0.4,1.2,36.4%,0.0,0.0,--,0.2,0.2,0.4,0.5,0.4,0.4,0.0,1.1
Kariata Diaby,27764,UFA,13,0,8.0,1.9,0.5,1.1,50.0%,0.5,1.1,50.0%,0.0,0.0,--,0.8,1.1,78.6%,0.2,0.8,1.0,0.4,0.9,0.5,0.1,1.5
Shatori Walker-Kimbrough,150000,UFA,41,1,8.6,1.7,0.6,1.5,41.3%,0.4,0.8,46.9%,0.3,0.8,35.5%,0.2,0.3,72.7%,0.1,0.8,0.9,0.5,0.4,0.2,0.3,0.6
Mercedes Russell,80672,UFA,20,0,8.2,1.7,0.6,1.4,44.4%,0.6,1.4,44.4%,0.0,0.0,--,0.5,0.7,71.4%,0.5,0.7,1.2,0.6,0.4,0.3,0.2,0.9
Anastasiia Olairi Kosu,69267,Rookie,21,0,3.8,1.7,0.6,1.4,44.8%,0.6,1.3,48.1%,0.0,0.1,0.0%,0.4,0.7,60.0%,0.5,0.2,0.7,0.2,0.3,0.0,0.2,0.4
Rayah Marshall,69267,Rookie,15,0,6.0,1.7,0.6,1.7,34.6%,0.6,1.7,36.0%,0.0,0.1,0.0%,0.5,0.8,58.3%,0.5,1.3,1.7,0.3,0.5,0.1,0.2,0.8
Madison Scott,11661,UFA,9,0,5.2,1.6,0.6,1.2,45.5%,0.6,1.1,50.0%,0.0,0.1,0.0%,0.4,0.4,100.0%,0.1,0.0,0.1,0.2,0.1,0.2,0.0,0.9
Madison Scott,4442,UFA,9,0,5.2,1.6,0.6,1.2,45.5%,0.6,1.1,50.0%,0.0,0.1,0.0%,0.4,0.4,100.0%,0.1,0.0,0.1,0.2,0.1,0.2,0.0,0.9
Sika Kone,66710,,19,0,4.5,1.4,0.4,1.2,31.8%,0.3,0.9,35.3%,0.1,0.3,20.0%,0.6,0.7,92.3%,0.2,0.8,1.0,0.3,0.3,0.0,0.0,0.6
Sika Kone,15548,UFA,19,0,4.5,1.4,0.4,1.2,31.8%,0.3,0.9,35.3%,0.1,0.3,20.0%,0.6,0.7,92.3%,0.2,0.8,1.0,0.3,0.3,0.0,0.0,0.6
Moriah Jefferson,145500,UFA,5,1,7.1,1.4,0.6,1.6,37.5%,0.4,1.0,40.0%,0.2,0.6,33.3%,0.0,0.0,--,0.0,1.0,1.0,1.8,0.4,0.0,0.0,0.6
Elizabeth Kitley,27940,,12,1,8.2,1.3,0.6,1.9,30.4%,0.6,1.8,31.8%,0.0,0.1,0.0%,0.1,0.2,50.0%,0.3,1.1,1.4,0.1,0.6,0.3,0.5,1.5
Elizabeth Kitley,3887,UFA,12,1,8.2,1.3,0.6,1.9,30.4%,0.6,1.8,31.8%,0.0,0.1,0.0%,0.1,0.2,50.0%,0.3,1.1,1.4,0.1,0.6,0.3,0.5,1.5
Sania Feagin,69267,Rookie,16,0,4.8,1.3,0.6,1.8,35.7%,0.6,1.5,41.7%,0.0,0.3,0.0%,0.0,0.1,0.0%,0.2,0.5,0.7,0.3,0.4,0.0,0.4,1.0
Joyner Holmes,17223,UFA,6,0,4.8,1.2,0.5,2.0,25.0%,0.3,1.2,28.6%,0.2,0.8,20.0%,0.0,0.0,--,0.3,0.7,1.0,0.0,0.3,0.0,0.0,0.8
Jaylyn Sherrod,66079,Reserved,26,0,5.5,1.2,0.3,1.1,32.1%,0.2,0.6,40.0%,0.1,0.5,23.1%,0.3,0.5,69.2%,0.1,0.5,0.6,0.5,0.5,0.4,0.0,0.7
Jaylyn Sherrod,18880,UFA,26,0,5.5,1.2,0.3,1.1,32.1%,0.2,0.6,40.0%,0.1,0.5,23.1%,0.3,0.5,69.2%,0.1,0.5,0.6,0.5,0.5,0.4,0.0,0.7
Brianna Turner,85000,UFA,27,0,8.6,1.1,0.5,1.2,40.6%,0.5,1.1,41.9%,0.0,0.0,0.0%,0.1,0.3,50.0%,0.7,1.2,1.9,0.6,0.3,0.1,0.3,0.9
Kiah Stokes,103000,UFA,40,18,12.9,1.1,0.5,1.3,35.3%,0.4,0.7,53.6%,0.1,0.6,13.0%,0.1,0.2,62.5%,0.7,2.9,3.6,0.4,0.4,0.4,0.4,1.2
Crystal Bradford,16103,UFA,4,0,6.0,1.0,0.5,1.5,33.3%,0.5,1.0,50.0%,0.0,0.5,0.0%,0.0,0.0,--,0.5,0.8,1.3,0.3,0.3,0.5,0.0,0.8
Kyara Linskens,14437,UDFA,4,0,6.7,1.0,0.5,1.3,40.0%,0.5,1.0,50.0%,0.0,0.3,0.0%,0.0,0.0,--,0.3,1.3,1.5,0.3,0.5,0.3,0.8,1.8
Mackenzie Holmes,48865,UFA,10,0,5.8,1.0,0.5,0.7,71.4%,0.5,0.7,71.4%,0.0,0.0,--,0.0,0.0,--,0.3,0.6,0.9,0.2,0.0,0.5,0.1,0.7
Marquesha Davis,36178,Rookie,11,0,4.7,0.9,0.2,0.9,20.0%,0.2,0.5,33.3%,0.0,0.4,0.0%,0.5,0.6,85.7%,0.3,0.4,0.6,0.1,0.5,0.0,0.2,0.3
Marquesha Davis,3887,UFA,11,0,4.7,0.9,0.2,0.9,20.0%,0.2,0.5,33.3%,0.0,0.4,0.0%,0.5,0.6,85.7%,0.3,0.4,0.6,0.1,0.5,0.0,0.2,0.3
Bree Hall,12772,UFA,4,0,4.4,0.8,0.3,1.3,20.0%,0.3,0.8,33.3%,0.0,0.5,0.0%,0.3,0.8,33.3%,0.0,0.8,0.8,0.0,0.8,0.0,0.0,1.0
Bree Hall,4442,UFA,4,0,4.4,0.8,0.3,1.3,20.0%,0.3,0.8,33.3%,0.0,0.5,0.0%,0.3,0.8,33.3%,0.0,0.8,0.8,0.0,0.8,0.0,0.0,1.0
Bree Hall,3887,UFA,4,0,4.4,0.8,0.3,1.3,20.0%,0.3,0.8,33.3%,0.0,0.5,0.0%,0.3,0.8,33.3%,0.0,0.8,0.8,0.0,0.8,0.0,0.0,1.0
Camryn Taylor,11661,UFA,6,0,3.8,0.5,0.2,1.2,14.3%,0.0,0.7,0.0%,0.2,0.5,33.3%,0.0,0.3,0.0%,0.3,0.7,1.0,0.2,0.5,0.0,0.0,0.7
Camryn Taylor,7949,UFA,6,0,3.8,0.5,0.2,1.2,14.3%,0.0,0.7,0.0%,0.2,0.5,33.3%,0.0,0.3,0.0%,0.3,0.7,1.0,0.2,0.5,0.0,0.0,0.7
Taylor Thierry,66079,Rookie,17,0,2.1,0.4,0.1,0.6,18.2%,0.1,0.5,12.5%,0.1,0.2,33.3%,0.1,0.2,25.0%,0.1,0.2,0.4,0.1,0.1,0.2,0.0,0.1
Robyn Parks,11106,UFA,6,0,10.5,0.3,0.2,0.8,20.0%,0.2,0.2,100.0%,0.0,0.7,0.0%,0.0,0.0,--,0.2,1.3,1.5,0.3,0.2,0.3,0.0,1.2
Ajae Petty,2915,Hardship,2,0,3.2,0.0,0.0,0.0,--,0.0,0.0,--,0.0,0.0,--,0.0,0.0,--,0.0,0.5,0.5,0.0,0.0,0.0,0.0,0.5
Ajae Petty,1250,Hardship,2,0,3.2,0.0,0.0,0.0,--,0.0,0.0,--,0.0,0.0,--,0.0,0.0,--,0.0,0.5,0.5,0.0,0.0,0.0,0.0,0.5
Kamiah Smalls,7774,UFA,3,0,1.1,0.0,0.0,0.0,--,0.0,0.0,--,0.0,0.0,--,0.0,0.0,--,0.0,0.0,0.0,0.0,0.0,0.0,0.0,0.0
Kyra Lambert,3887,Hardship,1,0,0.1,0.0,0.0,0.0,--,0.0,0.0,--,0.0,0.0,--,0.0,0.0,--,0.0,0.0,0.0,0.0,0.0,0.0,0.0,0.0
Marième Badiane,12216,UFA,3,0,3.6,0.0,0.0,1.0,0.0%,0.0,0.7,0.0%,0.0,0.3,0.0%,0.0,0.0,--,0.3,0.0,0.3,0.0,0.7,0.7,0.0,2.0
Serena Sundell,5136,UFA,3,0,7.2,0.0,0.0,0.3,0.0%,0.0,0.0,--,0.0,0.3,0.0%,0.0,0.0,--,0.0,0.3,0.3,0.0,0.7,0.0,0.0,1.3
Yvonne Anderson,85000,UFA,1,0,12.4,0.0,0.0,3.0,0.0%,0.0,2.0,0.0%,0.0,1.0,0.0%,0.0,0.0,--,0.0,1.0,1.0,2.0,0.0,2.0,0.0,3.0
Yvonne Anderson,7774,UFA,1,0,12.4,0.0,0.0,3.0,0.0%,0.0,2.0,0.0%,0.0,1.0,0.0%,0.0,0.0,--,0.0,1.0,1.0,2.0,0.0,2.0,0.0,3.0
Georgia Amoore,75643,Rookie,0,0,--,--,--,--,--,--,--,--,--,--,--,--,--,--,--,--,--,--,--,--,--,--
Katie Lou Samuelson,95835,UFA,0,0,--,--,--,--,--,--,--,--,--,--,--,--,--,--,--,--,--,--,--,--,--,--
Katie Lou Samuelson,90000,UFA,0,0,--,--,--,--,--,--,--,--,--,--,--,--,--,--,--,--,--,--,--,--,--,--
